CSI_DATA,2084,68:dd:b7:b0:aa:3f,-28,11,1,7,1,1,1,1,1,0,0,-97,0,11,2,86378359,0,84,0,128,0,[0,0,0,0,0,0,0,0,0,0,0,0,12,-1,11,-1,9,0,7,0,6,-1,5,-3,4,-4,4,-6,4,-6,5,-8,6,-8,7,-8,7,-8,8,-7,8,-7,8,-6,8,-5,7,-5,6,-4,6,-4,4,-5,3,-5,3,-6,3,-6,2,-7,2,-8,0,0,3,-9,4,-9,4,-9,4,-9,4,-9,4,-8,4,-8,4,-7,3,-7,3,-7,3,-7,2,-7,2,-7,2,-7,2,-8,2,-8,2,-8,3,-9,3,-8,3,-8,3,-8,3,-8,3,-8,3,-8,3,-7,3,-7,0,0,0,0,0,0,0,0,0,0]
CSI_DATA,2085,68:dd:b7:b0:aa:3f,-28,11,1,7,1,1,1,1,1,0,0,-97,0,11,2,86411570,0,67,0,128,0,[0,0,0,0,0,0,0,0,0,0,0,0,6,6,7,7,7,8,7,9,6,10,6,10,5,9,4,9,3,8,3,7,3,7,3,5,4,5,5,4,6,3,6,3,7,3,7,3,8,4,8,4,8,4,7,4,7,4,7,4,7,4,6,3,0,0,6,2,7,2,7,1,7,1,8,1,8,1,8,1,8,1,7,1,7,1,7,1,7,0,7,0,7,0,7,0,7,-1,8,-1,8,0,8,0,8,0,8,0,8,1,8,1,7,1,6,1,5,1,0,0,0,0,0,0,0,0,0,0]
CSI_DATA,2086,68:dd:b7:b0:aa:3f,-27,11,1,7,1,1,1,1,1,0,0,-97,0,11,2,86442800,0,84,0,128,0,[0,0,0,0,0,0,0,0,0,0,0,0,0,-10,0,-9,-1,-8,-2,-8,-3,-7,-4,-7,-4,-8,-5,-9,-5,-10,-5,-11,-4,-11,-3,-11,-3,-11,-2,-11,-2,-10,-2,-9,-2,-8,-2,-7,-3,-7,-4,-7,-5,-7,-5,-7,-5,-7,-6,-8,-6,-8,-5,-9,0,0,-4,-9,-4,-9,-4,-8,-4,-8,-4,-8,-4,-7,-4,-7,-5,-7,-5,-7,-5,-7,-5,-7,-5,-8,-5,-8,-5,-8,-4,-8,-4,-8,-3,-8,-3,-8,-3,-7,-3,-7,-3,-7,-4,-7,-4,-7,-4,-7,-4,-8,-3,-7,0,0,0,0,0,0,0,0,0,0]
CSI_DATA,2087,68:dd:b7:b0:aa:3f,-26,11,1,7,1,1,1,1,1,0,0,-97,0,11,2,86482455,0,67,0,128,0,[0,0,0,0,0,0,0,0,0,0,0,0,5,-12,6,-12,7,-12,7,-11,7,-10,7,-10,7,-8,6,-8,4,-7,3,-6,1,-7,0,-7,-1,-8,-2,-8,-3,-9,-3,-10,-3,-11,-3,-11,-2,-11,-2,-11,-1,-10,-1,-9,-1,-9,-2,-8,-2,-7,-3,-6,0,0,-6,-5,-6,-6,-7,-6,-8,-6,-8,-7,-8,-7,-8,-8,-7,-7,-7,-8,-7,-7,-6,-7,-6,-5,-6,-5,-6,-4,-6,-3,-7,-3,-8,-2,-9,-2,-10,-3,-10,-3,-10,-3,-9,-4,-9,-4,-8,-4,-7,-4,-6,-4,0,0,0,0,0,0,0,0,0,0]
CSI_DATA,2088,68:dd:b7:b0:aa:3f,-27,11,1,7,1,1,1,1,1,0,0,-97,0,11,2,86527107,0,84,0,128,0,[0,0,0,0,0,0,0,0,0,0,0,0,4,6,5,4,6,3,8,2,9,2,10,2,11,3,12,4,12,5,12,7,11,6,9,7,9,7,7,6,7,5,6,3,6,1,6,0,7,-1,8,-2,9,-3,10,-3,11,-2,12,-2,12,-1,11,0,0,0,10,1,9,1,8,0,7,-1,7,-2,6,-2,6,-4,6,-5,7,-5,8,-6,9,-6,10,-5,10,-5,10,-4,10,-3,9,-2,9,-2,8,-2,7,-2,6,-3,5,-3,5,-4,5,-5,6,-6,6,-6,7,-5,0,0,0,0,0,0,0,0,0,0]
CSI_DATA,2089,68:dd:b7:b0:aa:3f,-27,11,1,7,1,1,1,1,1,0,0,-97,0,11,2,86527659,0,67,0,128,0,[0,0,0,0,0,0,0,0,0,0,0,0,1,7,2,6,4,6,6,6,7,6,8,7,8,8,8,9,8,10,7,11,6,11,5,11,5,10,4,9,4,7,3,5,4,4,5,3,6,2,8,2,9,2,10,2,10,3,11,4,11,5,10,6,0,0,8,6,8,5,7,4,6,3,6,2,6,1,7,0,8,-1,8,-1,9,-1,10,-1,10,0,11,0,11,1,10,2,9,2,9,3,7,2,6,2,6,1,6,0,6,-1,7,-2,7,-2,8,-2,8,-1,0,0,0,0,0,0,0,0,0,0]
CSI_DATA,2090,68:dd:b7:b0:aa:3f,-27,11,1,7,1,1,1,1,1,0,0,-97,0,11,2,86591601,0,84,0,128,0,[0,0,0,0,0,0,0,0,0,0,0,0,-4,13,-4,13,-4,12,-4,10,-4,10,-3,8,-2,7,0,6,1,5,3,5,5,5,6,6,7,6,8,7,8,7,8,8,8,9,7,9,6,8,6,7,5,6,4,5,4,3,4,1,5,0,6,-1,0,0,8,-3,9,-3,10,-3,11,-2,11,-2,11,-1,10,-1,9,0,8,0,7,0,6,0,4,-2,4,-3,3,-4,3,-5,4,-7,4,-8,5,-8,6,-9,7,-9,7,-8,7,-7,7,-6,6,-5,5,-4,4,-3,0,0,0,0,0,0,0,0,0,0]
CSI_DATA,2091,68:dd:b7:b0:aa:3f,-28,11,1,7,1,1,1,1,1,0,0,-97,0,11,2,86592018,0,67,0,128,0,[0,0,0,0,0,0,0,0,0,0,0,0,0,7,2,7,3,8,5,9,6,10,6,11,6,11,6,13,4,13,4,13,3,12,2,11,2,10,2,8,2,6,3,5,4,4,6,3,7,2,9,2,10,2,11,3,12,4,12,5,11,6,10,6,0,0,7,6,7,5,6,4,5,2,6,0,6,-1,7,-2,8,-3,9,-3,10,-3,11,-3,11,-2,11,-1,11,0,10,1,9,1,8,1,7,1,6,0,5,-1,4,-3,5,-4,5,-5,6,-6,6,-6,7,-5,0,0,0,0,0,0,0,0,0,0]
CSI_DATA,2092,68:dd:b7:b0:aa:3f,-27,11,1,7,1,1,1,1,1,0,0,-97,0,11,2,86657919,0,84,0,128,0,[0,0,0,0,0,0,0,0,0,0,0,0,6,2,7,1,8,0,10,-1,11,-1,12,-1,13,0,13,0,13,1,13,2,12,2,11,3,10,2,8,2,7,1,6,-1,5,-2,4,-4,5,-6,5,-7,6,-8,7,-8,7,-9,9,-9,9,-8,9,-8,0,0,9,-6,8,-5,7,-5,5,-4,4,-5,2,-5,1,-6,0,-7,0,-8,0,-9,0,-10,1,-11,2,-11,3,-11,4,-11,4,-10,4,-9,4,-7,3,-6,2,-5,1,-5,0,-5,-2,-5,-2,-6,-3,-7,-3,-7,0,0,0,0,0,0,0,0,0,0]
CSI_DATA,2093,68:dd:b7:b0:aa:3f,-26,11,1,7,1,1,1,1,1,0,0,-97,0,11,2,86658417,0,67,0,128,0,[0,0,0,0,0,0,0,0,0,0,0,0,-13,3,-13,2,-13,1,-12,1,-10,1,-9,1,-7,2,-6,2,-4,3,-4,5,-3,6,-3,8,-2,9,-3,9,-3,10,-3,11,-3,10,-4,10,-4,9,-4,9,-4,7,-3,6,-2,5,0,5,1,4,3,4,0,0,5,4,6,5,7,6,7,6,7,8,7,8,6,8,5,8,5,7,4,6,3,5,3,4,3,2,3,1,4,0,5,-1,6,-1,8,-2,8,-2,9,-1,9,0,9,1,8,2,7,2,6,2,5,2,0,0,0,0,0,0,0,0,0,0]
CSI_DATA,2094,68:dd:b7:b0:aa:3f,-27,11,1,7,1,1,1,1,1,0,0,-97,0,11,2,86769740,0,67,0,128,0,[0,0,0,0,0,0,0,0,0,0,0,0,-3,-14,-2,-14,-1,-13,-1,-12,-1,-10,0,-9,-1,-7,-2,-5,-3,-3,-5,-1,-6,0,-7,1,-9,2,-10,2,-11,2,-12,1,-12,1,-12,1,-11,0,-10,0,-8,1,-7,0,-6,1,-4,1,-3,2,-2,3,0,0,0,6,1,7,1,8,1,9,1,9,0,9,0,9,0,9,-1,8,-1,7,-1,6,0,4,0,3,1,2,2,1,3,1,5,0,6,0,7,0,8,1,8,1,8,2,7,2,6,2,5,3,4,2,0,0,0,0,0,0,0,0,0,0]
CSI_DATA,2095,68:dd:b7:b0:aa:3f,-26,11,1,7,1,1,1,1,1,0,0,-97,0,11,2,86813723,0,67,0,128,0,[0,0,0,0,0,0,0,0,0,0,0,0,2,10,2,8,2,6,2,3,3,1,3,-1,5,-3,6,-4,8,-5,10,-5,10,-5,11,-4,12,-4,12,-3,11,-3,10,-2,8,-1,7,-1,5,-2,3,-3,2,-4,0,-5,-1,-5,-1,-8,-2,-9,-2,-10,0,0,-1,-11,-1,-12,0,-12,0,-11,1,-10,1,-9,1,-8,0,-6,-1,-5,-2,-4,-3,-3,-5,-3,-6,-3,-8,-3,-8,-3,-9,-3,-9,-5,-9,-5,-8,-6,-8,-6,-7,-6,-6,-5,-5,-4,-4,-3,-3,-3,-3,-1,0,0,0,0,0,0,0,0,0,0]
CSI_DATA,2096,68:dd:b7:b0:aa:3f,-26,11,1,7,1,1,1,1,1,0,0,-97,0,11,2,86813840,0,84,0,128,0,[0,0,0,0,0,0,0,0,0,0,0,0,2,10,3,11,2,12,2,13,1,13,1,13,0,12,0,11,0,9,0,7,0,6,1,4,2,2,4,0,5,-2,7,-2,8,-3,9,-4,10,-4,11,-4,11,-4,11,-3,10,-3,10,-2,8,-2,7,-2,0,0,4,-3,2,-4,0,-5,-1,-6,-2,-7,-3,-8,-3,-9,-3,-10,-3,-11,-2,-11,-2,-11,-2,-10,-1,-10,-1,-8,-1,-7,-1,-6,-2,-4,-3,-3,-4,-2,-5,-1,-7,-1,-8,-1,-8,-1,-9,-1,-9,-2,-8,-2,0,0,0,0,0,0,0,0,0,0]
CSI_DATA,2097,68:dd:b7:b0:aa:3f,-25,11,1,5,1,1,1,1,1,0,0,-97,0,11,2,86895266,0,84,0,128,0,[0,0,0,0,0,0,0,0,0,0,0,0,-3,-10,-4,-11,-4,-12,-4,-13,-4,-14,-3,-14,-3,-14,-3,-13,-2,-11,-2,-10,-2,-8,-2,-6,-2,-3,-3,-2,-5,0,-6,2,-7,3,-8,5,-10,5,-10,6,-10,5,-9,5,-11,4,-11,3,-11,4,-9,4,0,0,-5,2,-2,4,-1,2,0,4,1,3,4,5,5,6,7,7,6,8,6,9,5,9,5,9,3,8,2,8,2,7,1,6,1,4,2,2,2,1,3,-1,4,-2,5,-4,6,-4,7,-4,8,-3,8,-2,0,0,0,0,0,0,0,0,0,0]
CSI_DATA,2098,68:dd:b7:b0:aa:3f,-29,11,1,7,1,1,1,1,1,0,0,-97,0,11,2,87037168,0,67,0,128,0,[0,0,0,0,0,0,0,0,0,0,0,0,-11,0,-10,0,-7,0,-5,0,-3,0,0,0,2,0,4,0,6,0,8,1,9,0,10,1,11,1,11,1,11,1,10,1,9,1,7,1,6,0,4,0,2,-1,0,-2,-3,-2,-4,-3,-6,-4,-8,-4,0,0,-11,-5,-11,-6,-11,-7,-11,-7,-10,-6,-9,-6,-8,-5,-7,-4,-4,-3,-3,-1,-1,0,0,2,1,4,2,6,3,7,4,9,4,10,4,11,4,11,3,11,3,10,2,9,2,7,1,5,1,3,1,1,0,0,0,0,0,0,0,0,0,0]
CSI_DATA,2099,68:dd:b7:b0:aa:3f,-29,11,1,7,1,1,1,1,1,0,0,-97,0,11,2,87037484,0,84,0,128,0,[0,0,0,0,0,0,0,0,0,0,0,0,-11,-2,-9,-2,-7,-1,-5,-1,-3,0,0,0,2,0,4,1,6,1,7,2,8,2,10,2,10,3,10,3,10,3,9,3,8,3,7,2,5,1,4,0,2,0,0,-2,-2,-2,-4,-3,-5,-4,-7,-5,0,0,-9,-7,-9,-8,-10,-8,-10,-8,-9,-8,-8,-7,-7,-6,-6,-5,-4,-4,-3,-2,-1,0,-1,2,0,4,1,6,2,7,2,9,2,10,2,11,2,11,2,11,1,10,1,9,0,7,0,5,0,3,0,1,0,0,0,0,0,0,0,0,0,0]
CSI_DATA,2100,68:dd:b7:b0:aa:3f,-31,11,1,7,1,1,1,1,1,0,0,-97,0,11,2,87124658,0,84,0,128,0,[0,0,0,0,0,0,0,0,0,0,0,0,-1,3,-2,5,-2,7,-2,8,-3,10,-3,11,-3,11,-3,11,-4,10,-4,9,-4,8,-3,6,-2,5,-1,3,0,1,1,-1,3,-3,4,-4,5,-5,7,-6,8,-7,9,-7,9,-7,10,-6,9,-6,8,-5,0,0,6,-4,4,-3,2,-3,-1,-2,-2,-3,-5,-3,-7,-3,-9,-4,-10,-4,-11,-5,-11,-6,-11,-6,-10,-7,-9,-7,-8,-6,-7,-5,-6,-4,-5,-2,-4,0,-3,2,-2,4,-3,5,-3,7,-3,8,-3,9,-3,9,0,0,0,0,0,0,0,0,0,0]
CSI_DATA,2101,68:dd:b7:b0:aa:3f,-31,11,1,7,1,1,1,1,1,0,0,-97,0,11,2,87176521,0,67,0,128,0,[0,0,0,0,0,0,0,0,0,0,0,0,-4,9,-3,7,-3,6,-3,4,-2,2,-1,0,-1,-2,0,-4,1,-6,1,-8,2,-9,2,-10,2,-11,2,-11,2,-10,2,-10,1,-9,1,-8,1,-6,1,-4,0,-2,0,0,-1,2,-1,4,-2,5,-2,7,0,0,-3,9,-3,10,-3,10,-3,10,-3,9,-3,8,-2,6,-2,5,-1,3,0,1,1,0,1,-3,2,-4,3,-6,4,-7,5,-8,5,-9,5,-9,6,-9,5,-9,5,-8,4,-7,3,-6,2,-5,1,-3,-1,-2,0,0,0,0,0,0,0,0,0,0]
CSI_DATA,2102,68:dd:b7:b0:aa:3f,-30,11,1,5,1,1,1,1,1,0,0,-97,0,11,2,87177130,0,84,0,128,0,[0,0,0,0,0,0,0,0,0,0,0,0,-10,0,-9,0,-7,0,-5,0,-3,-1,-1,-1,1,-2,3,-2,5,-3,7,-2,8,-3,9,-3,10,-2,10,-3,9,-3,9,-3,8,-2,7,-2,5,-2,3,-1,1,-1,-1,-1,-3,0,-5,0,-6,0,-8,1,0,0,-10,2,-11,1,-11,2,-11,2,-10,1,-9,1,-8,1,-6,1,-4,0,-2,0,0,0,2,1,4,1,5,1,7,0,8,0,9,1,10,1,10,1,10,1,9,1,7,1,6,1,4,0,2,0,1,-1,0,0,0,0,0,0,0,0,0,0]
CSI_DATA,2103,68:dd:b7:b0:aa:3f,-29,11,1,7,1,1,1,1,1,0,0,-97,0,11,2,87247867,0,84,0,128,0,[0,0,0,0,0,0,0,0,0,0,0,0,3,5,4,7,4,8,5,10,4,10,5,11,4,11,4,10,3,9,2,8,2,6,0,4,0,2,-1,0,-2,-3,-3,-4,-5,-6,-5,-8,-6,-10,-6,-10,-7,-11,-7,-11,-7,-10,-7,-10,-6,-9,-5,-8,0,0,-3,-4,-2,-2,-1,0,0,3,1,5,2,7,3,8,3,10,4,10,4,11,4,11,4,10,3,9,3,9,2,7,2,5,2,3,1,1,1,-1,1,-4,0,-6,1,-7,1,-9,1,-10,1,-10,1,-10,0,0,0,0,0,0,0,0,0,0]
CSI_DATA,2104,68:dd:b7:b0:aa:3f,-30,11,1,7,1,1,1,1,1,0,0,-97,0,11,2,87260784,0,67,0,128,0,[0,0,0,0,0,0,0,0,0,0,0,0,5,-10,5,-9,4,-7,3,-5,3,-3,1,0,0,2,-1,4,-2,6,-2,8,-3,10,-4,11,-4,12,-4,12,-4,11,-4,11,-4,10,-3,8,-3,6,-2,4,-1,2,-1,-1,0,-3,1,-5,2,-7,3,-10,0,0,4,-12,4,-13,4,-14,4,-13,4,-13,3,-11,2,-10,2,-7,0,-5,-1,-3,-2,-1,-3,1,-4,3,-6,4,-7,6,-8,7,-9,8,-10,9,-10,9,-9,9,-8,8,-7,7,-6,6,-5,4,-3,3,-1,2,0,0,0,0,0,0,0,0,0,0]
CSI_DATA,2105,68:dd:b7:b0:aa:3f,-31,11,1,7,1,1,1,1,1,0,0,-97,0,11,2,87339762,0,84,0,128,0,[0,0,0,0,0,0,0,0,0,0,0,0,3,3,2,5,1,7,0,9,-1,10,-1,12,-1,12,-1,12,-2,11,-2,10,-2,9,-2,7,-2,5,-2,3,-2,1,-3,-1,-3,-4,-3,-6,-3,-8,-3,-10,-4,-10,-4,-11,-4,-12,-4,-12,-4,-11,-4,-10,0,0,-3,-7,-3,-5,-2,-3,-1,-1,-1,2,0,4,1,6,2,8,2,9,3,10,3,10,3,10,3,10,3,9,3,8,3,7,3,4,2,3,2,1,2,-1,2,-3,2,-6,2,-7,1,-8,1,-9,0,-9,0,0,0,0,0,0,0,0,0,0]
CSI_DATA,2106,68:dd:b7:b0:aa:3f,-33,11,1,7,1,1,1,1,1,0,0,-97,0,11,2,87340243,0,67,0,128,0,[0,0,0,0,0,0,0,0,0,0,0,0,4,12,3,11,2,10,1,8,0,7,-1,5,-2,3,-3,1,-5,-1,-6,-4,-7,-5,-8,-7,-8,-8,-9,-9,-9,-9,-9,-9,-9,-8,-8,-8,-7,-7,-5,-6,-4,-4,-2,-3,-1,-1,1,0,3,1,5,3,0,0,8,5,9,5,10,6,10,6,10,5,9,5,8,4,7,3,6,2,4,1,2,-1,1,-2,-1,-3,-3,-4,-4,-6,-6,-6,-7,-7,-8,-7,-8,-8,-9,-7,-9,-7,-8,-6,-7,-5,-6,-4,-6,-2,-4,-1,0,0,0,0,0,0,0,0,0,0]
CSI_DATA,2107,68:dd:b7:b0:aa:3f,-31,11,1,6,1,1,1,1,1,0,0,-97,0,11,2,87428861,0,84,0,128,0,[0,0,0,0,0,0,0,0,0,0,0,0,4,2,4,4,4,6,4,8,4,9,4,10,4,10,4,11,4,10,3,9,2,8,1,6,1,5,0,3,-1,1,-3,-2,-4,-4,-5,-5,-5,-7,-6,-8,-6,-9,-7,-10,-7,-10,-7,-10,-7,-9,-6,-8,0,0,-4,-6,-4,-4,-3,-2,-1,0,0,2,1,4,1,5,2,7,3,8,4,9,4,9,4,9,4,9,4,8,4,7,4,6,4,5,3,3,3,1,2,-1,2,-3,2,-4,2,-6,1,-7,1,-8,1,-8,0,0,0,0,0,0,0,0,0,0]
CSI_DATA,2108,68:dd:b7:b0:aa:3f,-29,11,1,7,1,1,1,1,1,0,0,-97,0,11,2,87460347,0,67,0,128,0,[0,0,0,0,0,0,0,0,0,0,0,0,-6,2,-8,2,-10,1,-11,1,-12,0,-12,0,-12,-1,-12,-1,-11,-1,-9,-2,-8,-2,-6,-2,-4,-2,-2,-1,1,-1,2,0,4,0,6,1,8,1,9,2,9,2,10,2,10,3,10,3,9,3,8,2,0,0,5,1,3,0,1,-1,0,-2,-2,-3,-4,-4,-5,-6,-6,-7,-7,-7,-7,-8,-8,-8,-7,-8,-7,-8,-7,-7,-7,-6,-6,-5,-5,-4,-5,-3,-5,-1,-4,1,-3,2,-2,4,-2,5,-2,6,-3,6,-2,6,0,0,0,0,0,0,0,0,0,0]
CSI_DATA,2109,68:dd:b7:b0:aa:3f,-30,11,1,7,1,1,1,1,1,0,0,-97,0,11,2,87464303,0,84,0,128,0,[0,0,0,0,0,0,0,0,0,0,0,0,2,12,1,10,0,8,-1,6,-1,3,-2,1,-2,-1,-3,-4,-3,-6,-4,-9,-3,-10,-3,-12,-3,-13,-3,-13,-2,-13,-2,-13,-2,-12,-2,-10,-1,-8,-1,-7,-1,-4,-1,-2,-1,0,-1,3,-1,5,-1,7,0,0,-2,10,-2,12,-3,12,-3,12,-2,12,-2,11,-2,10,-1,8,-1,7,0,5,1,2,2,0,3,-2,4,-3,5,-5,6,-6,7,-7,7,-7,8,-8,8,-9,8,-8,7,-8,6,-7,4,-7,3,-6,2,-5,0,0,0,0,0,0,0,0,0,0]
CSI_DATA,2110,68:dd:b7:b0:aa:3f,-27,11,1,7,1,1,1,1,1,0,0,-97,0,11,2,87531053,0,84,0,128,0,[0,0,0,0,0,0,0,0,0,0,0,0,-13,2,-11,2,-10,1,-7,0,-5,-1,-2,-2,0,-3,3,-4,5,-4,7,-5,9,-5,11,-6,12,-6,12,-6,11,-5,11,-5,10,-5,9,-4,7,-3,5,-3,2,-2,0,-1,-2,0,-5,1,-7,1,-9,3,0,0,-13,3,-14,4,-14,3,-14,3,-13,4,-12,3,-11,3,-9,3,-6,2,-4,2,-1,1,1,2,4,2,6,2,8,1,10,1,11,2,12,2,13,2,13,2,12,1,11,1,10,1,8,0,5,0,3,-1,0,0,0,0,0,0,0,0,0,0]
CSI_DATA,2111,68:dd:b7:b0:aa:3f,-28,11,1,7,1,1,1,1,1,0,0,-97,0,11,2,87567594,0,67,0,128,0,[0,0,0,0,0,0,0,0,0,0,0,0,3,6,3,8,3,10,3,11,3,12,2,12,2,12,2,12,1,10,0,9,0,6,-1,4,-1,2,-1,-1,-1,-3,-2,-6,-2,-8,-2,-10,-2,-11,-2,-12,-2,-13,-2,-13,-2,-13,-2,-12,-2,-11,-2,-9,0,0,-1,-4,-2,-2,-2,1,-2,4,-3,6,-3,8,-4,10,-4,11,-4,12,-4,13,-4,12,-4,12,-4,11,-3,9,-2,8,-2,6,0,4,1,2,3,0,5,-2,6,-4,8,-4,9,-5,9,-5,10,-6,9,-5,0,0,0,0,0,0,0,0,0,0]
CSI_DATA,2112,68:dd:b7:b0:aa:3f,-29,11,1,7,1,1,1,1,1,0,0,-97,0,11,2,87567874,0,84,0,128,0,[0,0,0,0,0,0,0,0,0,0,0,0,-2,-12,-1,-10,0,-8,0,-6,1,-4,1,-1,1,1,2,4,2,6,2,8,2,9,1,11,1,12,1,11,1,11,1,10,1,9,1,8,0,5,0,3,0,1,-1,-2,0,-4,0,-7,-1,-9,0,-10,0,0,0,-13,0,-13,0,-14,0,-13,0,-12,0,-11,0,-9,-1,-6,-2,-4,-2,-2,-3,0,-4,3,-5,5,-6,6,-6,8,-7,9,-8,10,-8,10,-8,10,-8,9,-7,9,-6,7,-4,6,-3,5,-1,4,0,2,0,0,0,0,0,0,0,0,0,0]
CSI_DATA,2113,68:dd:b7:b0:aa:3f,-33,11,1,6,1,1,1,1,1,0,0,-97,0,11,2,87639400,0,84,0,128,0,[0,0,0,0,0,0,0,0,0,0,0,0,2,-5,0,-4,-1,-4,-3,-4,-5,-4,-6,-5,-7,-6,-7,-7,-6,-7,-6,-8,-5,-8,-4,-8,-4,-7,-3,-6,-3,-5,-3,-3,-3,-2,-4,-1,-5,0,-6,1,-7,1,-8,1,-9,1,-10,1,-10,0,-10,-1,0,0,-9,-1,-8,0,-8,1,-7,1,-7,3,-7,4,-8,4,-8,5,-9,5,-9,5,-10,5,-10,5,-10,4,-10,4,-10,4,-9,4,-9,4,-9,5,-9,5,-9,6,-9,6,-10,7,-10,6,-11,6,-11,5,-10,4,0,0,0,0,0,0,0,0,0,0]
CSI_DATA,2114,68:dd:b7:b0:aa:3f,-30,11,1,7,1,1,1,1,1,0,0,-97,0,11,2,87674420,0,67,0,128,0,[0,0,0,0,0,0,0,0,0,0,0,0,-3,-8,-3,-6,-4,-4,-5,-3,-7,-2,-8,-1,-9,-1,-10,-1,-11,-2,-12,-3,-11,-4,-11,-5,-11,-6,-9,-6,-8,-5,-7,-4,-5,-3,-5,-2,-4,0,-4,1,-5,3,-5,4,-6,5,-7,6,-8,6,-9,5,0,0,-9,4,-10,3,-9,3,-8,3,-7,2,-5,2,-4,3,-4,4,-3,5,-3,6,-3,7,-3,8,-4,8,-5,8,-4,8,-5,8,-6,8,-5,8,-5,7,-5,7,-5,6,-4,6,-4,6,-3,6,-3,6,-3,6,0,0,0,0,0,0,0,0,0,0]
CSI_DATA,2115,68:dd:b7:b0:aa:3f,-30,11,1,7,1,1,1,1,1,0,0,-97,0,11,2,87710983,0,84,0,128,0,[0,0,0,0,0,0,0,0,0,0,0,0,-14,3,-14,2,-14,1,-13,1,-11,0,-9,0,-7,0,-5,0,-2,0,0,1,2,2,3,3,5,5,6,6,6,7,6,8,6,8,6,8,5,8,4,7,3,6,2,5,2,2,1,1,2,-1,2,-4,0,0,3,-7,4,-9,5,-9,6,-10,6,-10,6,-9,6,-9,6,-8,4,-7,3,-6,1,-6,0,-5,-2,-5,-4,-5,-6,-6,-7,-7,-8,-7,-9,-8,-9,-9,-9,-9,-9,-9,-8,-8,-8,-7,-7,-6,-7,-5,-6,-4,0,0,0,0,0,0,0,0,0,0]
CSI_DATA,2116,68:dd:b7:b0:aa:3f,-31,11,1,5,1,1,1,1,1,0,0,-97,0,11,2,87746849,0,67,0,128,0,[0,0,0,0,0,0,0,0,0,0,0,0,-7,6,-7,5,-6,4,-5,3,-4,3,-3,3,-2,3,0,3,0,4,2,4,2,5,2,6,2,7,2,7,1,7,0,7,0,7,0,6,0,5,0,4,1,3,2,2,2,2,4,1,5,1,5,2,0,0,7,3,8,4,7,4,7,5,6,4,6,4,5,4,5,3,5,2,4,1,5,1,6,-1,7,-1,8,-1,8,0,9,1,10,1,9,2,9,2,8,2,7,2,7,2,6,1,6,1,6,0,6,0,0,0,0,0,0,0,0,0,0,0]
CSI_DATA,2117,68:dd:b7:b0:aa:3f,-31,11,1,6,1,1,1,1,1,0,0,-97,0,11,2,87747879,0,84,0,128,0,[0,0,0,0,0,0,0,0,0,0,0,0,-4,3,-4,4,-4,5,-5,5,-6,6,-6,6,-6,6,-7,5,-6,5,-6,4,-5,3,-4,3,-3,2,-2,2,-1,2,1,3,1,4,2,4,3,5,3,5,3,6,3,6,2,7,2,6,2,6,2,5,0,0,2,4,2,3,3,2,5,2,5,1,6,0,7,1,7,1,8,2,8,3,8,3,7,3,7,3,6,2,6,2,6,1,5,0,6,-1,7,-1,7,-2,8,-2,8,-3,9,-2,9,-2,9,0,8,0,0,0,0,0,0,0,0,0,0,0]
CSI_DATA,2118,68:dd:b7:b0:aa:3f,-35,11,1,7,1,1,1,1,1,0,0,-97,0,11,2,87814433,0,67,0,128,0,[0,0,0,0,0,0,0,0,0,0,0,0,3,-2,3,-3,4,-4,4,-4,4,-4,4,-5,4,-4,4,-4,4,-4,3,-3,3,-3,2,-3,1,-3,0,-3,-1,-3,-2,-4,-3,-4,-3,-5,-3,-5,-4,-6,-4,-6,-4,-6,-4,-6,-3,-6,-3,-5,-3,-5,0,0,-4,-3,-4,-3,-5,-2,-6,-1,-7,-1,-7,-1,-8,-1,-8,-1,-9,-2,-9,-2,-8,-3,-7,-3,-7,-3,-6,-2,-6,-1,-5,0,-5,1,-6,2,-6,3,-7,4,-8,4,-9,3,-9,3,-9,2,-9,1,-8,0,0,0,0,0,0,0,0,0,0,0]
CSI_DATA,2119,68:dd:b7:b0:aa:3f,-31,11,1,7,1,1,1,1,1,0,0,-97,0,11,2,87848738,0,84,0,128,0,[0,0,0,0,0,0,0,0,0,0,0,0,4,7,3,7,3,7,3,6,3,5,3,4,3,3,4,3,4,3,5,3,5,3,6,3,6,4,6,4,6,4,6,4,5,4,5,3,5,4,5,3,5,3,6,3,6,2,6,2,7,3,7,2,0,0,7,2,7,3,7,3,7,3,7,3,7,4,7,4,6,3,6,3,7,3,7,2,7,3,7,4,7,4,8,4,7,5,7,6,6,6,5,6,5,6,4,5,5,5,5,5,5,4,5,4,5,4,0,0,0,0,0,0,0,0,0,0]
CSI_DATA,2120,68:dd:b7:b0:aa:3f,-30,11,1,7,1,1,1,1,1,0,0,-97,0,11,2,87848856,0,67,0,128,0,[0,0,0,0,0,0,0,0,0,0,0,0,4,-5,4,-5,4,-6,4,-6,4,-6,5,-7,5,-7,5,-6,5,-6,4,-6,4,-6,3,-6,3,-5,2,-6,1,-6,1,-6,1,-7,0,-7,0,-7,0,-8,0,-8,0,-8,0,-8,0,-8,0,-8,0,-8,0,0,-1,-8,-1,-8,-2,-8,-1,-8,-2,-9,-2,-9,-2,-9,-2,-9,-1,-9,-1,-9,-1,-9,-1,-8,-1,-8,-2,-8,-2,-8,-2,-8,-3,-8,-3,-9,-3,-9,-3,-10,-2,-10,-2,-10,-1,-10,0,-10,1,-9,1,-8,0,0,0,0,0,0,0,0,0,0]
CSI_DATA,2121,68:dd:b7:b0:aa:3f,-30,11,1,7,1,1,1,1,1,0,0,-97,0,11,2,87921468,0,84,0,128,0,[0,0,0,0,0,0,0,0,0,0,0,0,-7,-2,-7,-2,-7,-2,-8,-1,-8,-1,-9,-1,-9,-1,-9,-1,-8,-1,-8,-2,-8,-1,-7,-1,-7,-1,-6,-1,-6,0,-6,1,-6,2,-6,2,-6,2,-6,3,-6,3,-7,3,-7,3,-7,3,-7,3,-7,3,0,0,-6,3,-6,3,-6,4,-6,5,-6,5,-6,5,-6,5,-7,5,-7,6,-7,5,-7,5,-6,4,-6,4,-6,4,-5,4,-5,5,-5,5,-5,6,-6,7,-6,7,-7,7,-7,6,-8,5,-8,5,-8,4,-8,3,0,0,0,0,0,0,0,0,0,0]
CSI_DATA,2122,68:dd:b7:b0:aa:3f,-31,11,1,7,1,1,1,1,1,0,0,-97,0,11,2,87921966,0,67,0,128,0,[0,0,0,0,0,0,0,0,0,0,0,0,-10,0,-10,-1,-9,-1,-9,-1,-8,-1,-7,0,-7,0,-7,1,-6,1,-6,2,-6,2,-7,3,-7,3,-7,3,-7,3,-8,3,-8,2,-7,2,-7,2,-6,2,-6,3,-5,2,-5,4,-5,4,-5,4,-6,5,0,0,-7,5,-7,5,-7,5,-7,5,-7,4,-7,4,-6,4,-6,4,-6,5,-5,5,-6,5,-6,5,-6,6,-7,6,-8,5,-8,5,-8,4,-9,4,-8,3,-8,3,-7,3,-7,3,-6,3,-6,3,-6,4,-7,4,0,0,0,0,0,0,0,0,0,0]
CSI_DATA,2123,68:dd:b7:b0:aa:3f,-31,11,1,7,1,1,1,1,1,0,0,-97,0,11,2,87987774,0,84,0,128,0,[0,0,0,0,0,0,0,0,0,0,0,0,3,3,4,3,5,3,6,3,6,3,6,3,6,3,6,4,5,3,5,3,5,3,4,2,4,1,4,0,4,-1,4,-1,5,-2,5,-3,6,-3,7,-3,7,-3,8,-3,8,-3,9,-2,8,-2,8,-2,0,0,6,-2,6,-3,6,-3,5,-4,5,-5,5,-6,6,-7,6,-7,6,-8,7,-8,8,-8,9,-7,10,-6,10,-5,10,-5,9,-4,9,-3,8,-3,7,-3,6,-4,5,-5,5,-6,5,-7,6,-8,6,-8,7,-7,0,0,0,0,0,0,0,0,0,0]
CSI_DATA,2124,68:dd:b7:b0:aa:3f,-31,11,1,7,1,1,1,1,1,0,0,-97,0,11,2,87989860,0,67,0,128,0,[0,0,0,0,0,0,0,0,0,0,0,0,-3,-5,-4,-5,-5,-5,-5,-6,-5,-6,-5,-6,-5,-6,-5,-6,-5,-6,-5,-6,-4,-5,-4,-4,-4,-4,-5,-3,-5,-2,-6,-1,-6,-1,-7,0,-8,0,-8,-1,-9,-1,-9,-1,-9,-2,-9,-2,-9,-2,-8,-2,0,0,-7,-1,-7,-1,-8,0,-7,1,-8,2,-8,2,-9,3,-9,3,-10,3,-11,3,-11,3,-12,2,-13,1,-12,0,-11,-1,-11,-1,-10,-1,-9,-1,-8,0,-8,0,-7,1,-8,2,-8,3,-9,3,-10,3,-11,2,0,0,0,0,0,0,0,0,0,0]
CSI_DATA,2125,68:dd:b7:b0:aa:3f,-28,11,1,7,1,1,1,1,1,0,0,-97,0,11,2,88063160,0,84,0,128,0,[0,0,0,0,0,0,0,0,0,0,0,0,-3,4,-2,5,-1,6,0,8,0,9,0,10,-1,10,-2,11,-2,11,-3,10,-4,10,-4,9,-3,7,-3,6,-1,6,-1,5,1,5,2,5,4,5,5,5,5,6,5,7,6,8,5,9,5,9,4,10,0,0,3,9,2,8,2,7,2,6,3,5,4,4,5,3,6,3,7,4,8,4,8,5,8,6,8,6,7,7,7,7,6,7,5,7,5,7,5,6,5,5,5,5,6,4,6,3,6,3,6,4,6,4,0,0,0,0,0,0,0,0,0,0]
CSI_DATA,2126,68:dd:b7:b0:aa:3f,-28,11,1,7,1,1,1,1,1,0,0,-97,0,11,2,88064533,0,67,0,128,0,[0,0,0,0,0,0,0,0,0,0,0,0,-2,5,-1,5,0,7,1,7,1,9,1,9,0,10,0,11,-1,11,-2,10,-2,10,-2,9,-2,8,-2,7,-1,6,0,5,1,5,3,5,4,5,5,5,6,6,6,7,6,8,6,8,6,9,5,9,0,0,3,9,3,8,3,6,3,6,4,4,4,4,6,4,6,3,7,4,8,5,8,5,8,6,8,6,7,7,7,7,6,7,6,7,5,6,5,6,5,5,5,5,6,4,6,4,6,4,6,4,6,4,0,0,0,0,0,0,0,0,0,0]
CSI_DATA,2127,68:dd:b7:b0:aa:3f,-29,11,1,7,1,1,1,1,1,0,0,-97,0,11,2,88123835,0,84,0,128,0,[0,0,0,0,0,0,0,0,0,0,0,0,7,2,7,2,7,2,7,2,7,1,7,1,7,1,7,1,7,1,7,1,7,1,6,1,6,0,6,0,6,0,6,-1,6,-1,6,-2,7,-1,7,-1,7,-2,8,-1,7,-2,8,-1,7,-1,7,-1,0,0,7,-1,7,-1,7,-2,7,-2,7,-3,7,-2,8,-3,8,-2,8,-2,8,-2,8,-2,8,-1,8,-1,8,0,8,-1,8,0,8,0,8,0,8,0,8,0,8,1,8,1,7,1,7,1,7,0,7,1,0,0,0,0,0,0,0,0,0,0]
CSI_DATA,2128,68:dd:b7:b0:aa:3f,-30,11,1,7,1,1,1,1,1,0,0,-97,0,11,2,88126840,0,67,0,128,0,[0,0,0,0,0,0,0,0,0,0,0,0,7,-6,6,-6,6,-5,6,-5,5,-5,5,-5,5,-5,4,-5,4,-6,3,-6,3,-7,3,-7,3,-7,3,-7,3,-7,4,-7,3,-7,3,-7,2,-6,2,-6,1,-6,1,-6,0,-7,0,-7,-1,-8,0,-8,0,0,0,-9,0,-9,1,-9,1,-10,1,-9,1,-9,1,-8,1,-8,1,-8,1,-8,0,-8,0,-8,0,-8,-1,-8,0,-9,0,-9,0,-9,0,-10,1,-10,1,-10,2,-10,2,-10,2,-9,2,-9,3,-8,3,-7,0,0,0,0,0,0,0,0,0,0]
CSI_DATA,2129,68:dd:b7:b0:aa:3f,-28,11,1,7,1,1,1,1,1,0,0,-97,0,11,2,88191852,0,84,0,128,0,[0,0,0,0,0,0,0,0,0,0,0,0,6,-4,6,-5,5,-5,6,-6,6,-7,7,-8,7,-8,7,-7,7,-7,7,-6,7,-6,7,-5,6,-5,5,-4,4,-5,3,-5,2,-6,1,-7,1,-8,1,-8,1,-9,2,-9,2,-10,3,-10,3,-9,3,-9,0,0,3,-8,3,-7,2,-7,1,-7,0,-7,-1,-8,-2,-8,-2,-9,-1,-10,-1,-11,0,-11,0,-11,1,-10,1,-9,2,-9,1,-8,1,-8,0,-8,0,-8,-1,-8,-1,-9,-1,-9,-1,-10,-1,-10,0,-10,1,-9,0,0,0,0,0,0,0,0,0,0]
CSI_DATA,2130,68:dd:b7:b0:aa:3f,-28,11,1,7,1,1,1,1,1,0,0,-97,0,11,2,88193478,0,67,0,128,0,[0,0,0,0,0,0,0,0,0,0,0,0,3,-6,2,-7,2,-8,1,-8,1,-9,2,-10,2,-10,2,-10,3,-10,3,-9,3,-9,3,-8,2,-7,1,-6,0,-6,0,-6,-1,-6,-2,-6,-3,-7,-4,-7,-4,-8,-4,-8,-4,-9,-3,-10,-3,-9,-3,-9,0,0,-2,-8,-2,-7,-3,-6,-3,-6,-5,-5,-6,-5,-6,-6,-7,-6,-7,-7,-7,-8,-6,-8,-6,-8,-5,-9,-5,-8,-4,-8,-4,-8,-4,-7,-4,-6,-5,-6,-6,-5,-6,-6,-7,-6,-7,-6,-7,-7,-6,-8,-5,-7,0,0,0,0,0,0,0,0,0,0]
CSI_DATA,2131,68:dd:b7:b0:aa:3f,-28,11,1,7,1,1,1,1,1,0,0,-97,0,11,2,88267660,0,84,0,128,0,[0,0,0,0,0,0,0,0,0,0,0,0,-12,4,-12,3,-11,2,-10,1,-9,1,-7,1,-5,1,-4,2,-2,3,-2,4,-1,6,-1,7,-1,8,-1,9,-2,9,-2,9,-2,9,-3,9,-3,8,-3,7,-2,6,-1,4,0,4,1,4,3,3,4,4,0,0,6,4,7,5,8,6,8,7,7,7,6,8,5,7,5,6,4,5,4,4,5,3,5,2,5,1,6,1,8,0,9,1,9,1,10,2,11,2,10,2,10,3,9,3,8,3,7,2,7,2,6,1,0,0,0,0,0,0,0,0,0,0]
CSI_DATA,2132,68:dd:b7:b0:aa:3f,-28,11,1,7,1,1,1,1,1,0,0,-97,0,11,2,88269238,0,67,0,128,0,[0,0,0,0,0,0,0,0,0,0,0,0,3,3,4,2,6,2,8,2,9,3,10,3,10,4,10,5,10,6,9,6,8,6,7,6,6,5,5,3,4,2,4,0,4,-1,4,-3,6,-4,6,-5,7,-6,8,-6,9,-6,10,-5,10,-5,9,-4,0,0,8,-3,7,-3,6,-4,4,-4,3,-6,3,-7,2,-8,2,-9,3,-10,4,-11,4,-11,5,-11,6,-10,6,-10,6,-9,5,-8,5,-8,4,-7,3,-8,1,-8,1,-9,1,-10,1,-11,1,-11,1,-11,2,-10,0,0,0,0,0,0,0,0,0,0]
CSI_DATA,2133,68:dd:b7:b0:aa:3f,-29,11,1,7,1,1,1,1,1,0,1,-97,0,11,2,88335913,0,84,0,128,0,[0,0,0,0,0,0,0,0,0,0,0,0,-6,-9,-6,-9,-5,-8,-5,-8,-4,-7,-4,-6,-4,-5,-5,-4,-5,-3,-6,-3,-7,-3,-7,-2,-8,-3,-8,-3,-9,-3,-9,-3,-9,-4,-9,-4,-8,-4,-8,-3,-7,-3,-7,-3,-6,-2,-7,-1,-7,-1,-7,0,0,0,-8,1,-9,1,-10,1,-10,1,-11,0,-11,0,-10,-1,-9,-1,-8,-1,-8,0,-8,0,-8,0,-8,1,-8,1,-9,2,-9,2,-10,1,-11,1,-11,1,-10,0,-10,-1,-9,-1,-9,-1,-9,-1,-8,-1,-7,0,0,0,0,0,0,0,0,0,0,0]
CSI_DATA,2134,68:dd:b7:b0:aa:3f,-29,11,1,7,1,1,1,1,1,0,1,-97,0,11,2,88336676,0,67,0,128,0,[0,0,0,0,0,0,0,0,0,0,0,0,-10,4,-9,4,-9,3,-8,2,-7,2,-6,3,-5,3,-5,4,-4,4,-3,5,-3,5,-3,6,-3,7,-4,7,-4,8,-5,7,-5,7,-5,7,-5,6,-5,6,-4,5,-4,5,-3,5,-2,5,-1,5,-1,6,0,0,0,8,0,8,-1,9,-1,9,-2,9,-2,9,-3,9,-2,8,-3,8,-2,7,-1,7,-1,7,-1,7,0,7,-1,8,-1,9,-1,9,-1,9,-2,9,-2,9,-2,9,-3,8,-3,7,-2,7,-2,7,-2,7,0,0,0,0,0,0,0,0,0,0]
CSI_DATA,2135,68:dd:b7:b0:aa:3f,-28,11,1,7,1,1,1,1,1,0,1,-97,0,11,2,88408119,0,84,0,128,0,[0,0,0,0,0,0,0,0,0,0,0,0,-6,10,-6,10,-6,9,-6,8,-6,7,-5,7,-4,6,-3,5,-2,4,0,4,1,4,3,4,4,4,5,5,6,6,6,6,6,7,6,7,5,7,4,7,4,6,3,5,3,4,3,2,3,1,4,0,0,0,6,-2,7,-3,8,-4,9,-3,10,-3,10,-2,9,-2,8,-1,8,-1,7,-1,6,-1,5,-2,4,-3,3,-4,4,-5,4,-6,4,-7,5,-8,5,-8,6,-8,6,-8,6,-7,6,-6,5,-5,5,-5,4,-5,0,0,0,0,0,0,0,0,0,0]
CSI_DATA,2136,68:dd:b7:b0:aa:3f,-28,11,1,6,1,1,1,1,1,0,1,-97,0,11,2,88412055,0,67,0,128,0,[0,0,0,0,0,0,0,0,0,0,0,0,-10,7,-10,7,-11,6,-10,5,-10,4,-8,4,-7,4,-5,3,-4,3,-2,3,-1,4,0,5,1,6,2,7,2,8,3,9,2,9,2,9,1,9,1,8,0,7,0,6,1,5,1,4,2,2,3,1,0,0,6,0,7,0,9,0,10,1,10,2,10,2,9,3,8,3,8,3,7,2,6,2,5,0,4,-1,5,-2,5,-3,6,-4,7,-5,8,-5,8,-5,9,-5,9,-5,9,-4,8,-3,7,-3,7,-2,5,-2,0,0,0,0,0,0,0,0,0,0]
CSI_DATA,2137,68:dd:b7:b0:aa:3f,-29,11,1,7,1,1,1,1,1,0,1,-97,0,11,2,88474285,0,84,0,128,0,[0,0,0,0,0,0,0,0,0,0,0,0,1,13,1,13,0,12,0,10,0,8,0,7,0,4,0,1,1,-1,1,-4,2,-6,3,-7,3,-9,4,-10,5,-11,5,-11,5,-11,5,-10,5,-9,4,-8,3,-6,2,-4,0,-3,-1,-1,-3,1,-5,2,0,0,-9,4,-11,4,-12,4,-13,4,-13,4,-13,4,-12,3,-10,2,-9,2,-7,2,-4,2,-1,2,1,3,3,4,4,5,6,6,7,8,8,8,8,9,9,10,8,10,7,9,6,8,5,6,4,5,4,3,0,0,0,0,0,0,0,0,0,0]
CSI_DATA,2138,68:dd:b7:b0:aa:3f,-29,11,1,7,1,1,1,1,1,0,1,-97,0,11,2,88474986,0,67,0,128,0,[0,0,0,0,0,0,0,0,0,0,0,0,-9,7,-9,7,-8,6,-8,5,-6,4,-5,3,-3,2,-1,1,1,0,2,-1,4,-2,6,-2,7,-2,8,-2,9,-2,9,-2,9,-2,9,-2,8,-1,7,-1,5,-1,4,-1,1,-1,0,-1,-2,-2,-4,-3,0,0,-8,-4,-9,-5,-10,-6,-10,-6,-10,-7,-9,-7,-9,-7,-7,-6,-6,-4,-5,-3,-4,-2,-3,0,-2,2,-2,4,-2,6,-2,7,-2,9,-2,10,-2,11,-2,11,-3,10,-3,9,-3,8,-3,7,-2,6,-1,4,0,0,0,0,0,0,0,0,0,0]
CSI_DATA,2139,68:dd:b7:b0:aa:3f,-34,11,1,7,1,1,1,1,1,0,1,-97,0,11,2,88546069,0,84,0,128,0,[0,0,0,0,0,0,0,0,0,0,0,0,-2,3,-4,1,-5,0,-6,-1,-8,-2,-9,-3,-9,-4,-9,-4,-9,-4,-9,-4,-9,-4,-7,-4,-7,-4,-5,-3,-4,-3,-2,-3,0,-2,1,-2,3,-2,4,-3,5,-3,6,-3,7,-3,8,-4,8,-4,7,-4,0,0,6,-3,5,-3,4,-3,2,-2,1,-1,-1,0,-2,1,-4,2,-5,2,-6,3,-7,4,-7,4,-7,5,-7,5,-6,5,-6,5,-5,5,-4,5,-2,4,-1,3,0,2,1,1,2,0,3,-1,4,-1,4,-2,0,0,0,0,0,0,0,0,0,0]
CSI_DATA,2140,68:dd:b7:b0:aa:3f,-34,11,1,7,1,1,1,1,1,0,1,-97,0,11,2,88546558,0,67,0,128,0,[0,0,0,0,0,0,0,0,0,0,0,0,-6,11,-6,10,-6,10,-6,9,-6,7,-5,5,-4,3,-4,2,-4,0,-4,-2,-3,-4,-3,-6,-3,-8,-3,-9,-3,-9,-3,-10,-3,-10,-3,-10,-3,-9,-3,-8,-2,-7,-2,-6,-1,-4,0,-3,1,-1,1,1,0,0,4,4,5,5,5,6,6,7,7,7,7,7,7,6,6,6,6,5,5,3,4,2,3,1,2,0,0,-2,-1,-3,-2,-4,-4,-5,-4,-6,-6,-7,-6,-7,-7,-7,-7,-7,-8,-6,-7,-5,-7,-4,-6,-3,0,0,0,0,0,0,0,0,0,0]
CSI_DATA,2141,68:dd:b7:b0:aa:3f,-32,11,1,7,1,1,1,1,1,0,1,-97,0,11,2,88618056,0,84,0,128,0,[0,0,0,0,0,0,0,0,0,0,0,0,-2,-10,-2,-9,-2,-8,-1,-6,-1,-4,-1,-2,-2,-1,-3,1,-4,2,-6,4,-6,4,-8,4,-9,4,-9,4,-9,4,-9,3,-7,2,-6,2,-4,2,-3,2,-1,3,1,3,3,4,4,6,5,7,6,8,0,0,6,10,6,12,5,11,4,11,4,10,3,8,4,7,4,4,4,2,5,0,7,-2,9,-2,12,-3,13,-3,15,-2,16,-1,17,0,17,1,16,2,14,3,13,3,10,2,8,0,6,-2,5,-4,4,-6,0,0,0,0,0,0,0,0,0,0]
CSI_DATA,2142,68:dd:b7:b0:aa:3f,-31,11,1,7,1,1,1,1,1,0,1,-97,0,11,2,88619188,0,67,0,128,0,[0,0,0,0,0,0,0,0,0,0,0,0,-5,-1,-7,0,-9,0,-10,0,-12,0,-12,0,-12,0,-12,-1,-10,-1,-9,-1,-7,-1,-5,-1,-3,1,-1,2,1,3,3,4,4,6,6,7,6,9,6,10,6,10,6,10,6,10,5,9,5,8,4,6,0,0,4,1,5,-1,6,-4,6,-7,8,-9,10,-11,11,-12,12,-13,13,-13,14,-13,14,-11,13,-10,11,-9,9,-8,7,-7,4,-7,0,-8,-3,-9,-6,-10,-9,-12,-10,-15,-10,-17,-11,-19,-9,-20,-8,-20,-6,-19,0,0,0,0,0,0,0,0,0,0]
CSI_DATA,2143,68:dd:b7:b0:aa:3f,-28,11,1,7,1,1,1,1,1,0,1,-97,0,11,2,88691758,0,84,0,128,0,[0,0,0,0,0,0,0,0,0,0,0,0,3,1,5,1,7,1,8,2,8,2,9,3,9,3,9,4,8,4,7,4,6,4,5,3,4,2,3,1,3,-1,2,-2,2,-4,2,-5,3,-7,4,-8,5,-8,5,-8,6,-8,7,-8,6,-7,6,-7,0,0,5,-5,3,-5,2,-5,1,-5,-1,-6,-2,-7,-3,-8,-4,-9,-3,-9,-4,-10,-3,-10,-2,-11,-2,-10,-1,-10,-1,-9,-1,-8,-1,-7,-2,-6,-3,-6,-4,-5,-5,-5,-6,-6,-7,-6,-7,-6,-6,-6,-6,-7,0,0,0,0,0,0,0,0,0,0]
CSI_DATA,2144,68:dd:b7:b0:aa:3f,-35,11,1,7,1,1,1,1,1,0,1,-97,0,11,2,88726149,0,84,0,128,0,[0,0,0,0,0,0,0,0,0,0,0,0,1,-2,-1,0,-2,2,-3,4,-4,5,-5,6,-5,7,-6,8,-6,8,-6,8,-6,7,-5,6,-4,5,-4,3,-3,2,-3,0,-2,-2,-1,-4,0,-5,1,-6,1,-8,2,-9,2,-9,3,-10,2,-9,3,-9,0,0,2,-6,1,-4,0,-2,0,0,-2,2,-3,4,-4,5,-5,7,-5,8,-6,8,-6,9,-6,8,-6,8,-5,7,-5,6,-3,5,-1,4,0,2,2,1,3,-1,5,-2,7,-3,8,-4,9,-4,9,-4,9,-4,0,0,0,0,0,0,0,0,0,0]
CSI_DATA,2145,68:dd:b7:b0:aa:3f,-35,11,1,7,1,1,1,1,1,0,1,-97,0,11,2,88726857,0,67,0,128,0,[0,0,0,0,0,0,0,0,0,0,0,0,-2,0,0,-1,2,-2,3,-3,5,-4,6,-4,7,-5,7,-5,7,-5,7,-5,7,-5,6,-4,5,-3,4,-2,2,-1,1,-1,0,1,-2,2,-3,3,-4,4,-5,5,-6,5,-7,6,-7,6,-7,5,-6,5,0,0,-5,3,-3,2,-2,1,-1,0,1,-2,3,-3,5,-4,6,-5,7,-5,7,-5,8,-6,8,-6,7,-5,6,-5,5,-5,4,-4,2,-3,0,-3,-2,-2,-4,-2,-6,-2,-8,-1,-9,-1,-10,-1,-10,-1,-9,-2,0,0,0,0,0,0,0,0,0,0]
CSI_DATA,2146,68:dd:b7:b0:aa:3f,-29,11,1,7,1,1,1,1,1,0,0,-97,0,11,2,88796522,0,84,0,128,0,[0,0,0,0,0,0,0,0,0,0,0,0,10,6,9,7,8,6,6,5,5,5,3,4,0,3,-2,2,-4,1,-6,0,-8,-1,-10,-2,-11,-2,-11,-3,-12,-3,-12,-3,-12,-3,-10,-3,-9,-3,-7,-2,-5,-2,-3,-2,-1,-2,2,-1,4,-1,6,-1,0,0,10,-1,11,-1,12,-1,12,-1,12,-1,12,-1,10,-1,8,-1,6,-1,4,-2,2,-2,-1,-2,-4,-3,-6,-3,-8,-3,-10,-3,-11,-3,-13,-3,-13,-3,-14,-2,-13,-2,-12,-2,-10,-1,-9,0,-7,0,-5,1,0,0,0,0,0,0,0,0,0,0]
CSI_DATA,2147,68:dd:b7:b0:aa:3f,-29,11,1,7,1,1,1,1,1,0,0,-97,0,11,2,88797100,0,67,0,128,0,[0,0,0,0,0,0,0,0,0,0,0,0,-13,-2,-12,-2,-11,-2,-9,-2,-7,-3,-5,-3,-3,-3,0,-4,2,-4,4,-4,6,-4,8,-4,9,-4,10,-4,11,-4,11,-3,10,-3,9,-3,8,-3,6,-2,4,-2,2,-1,0,1,-2,1,-4,2,-6,3,0,0,-10,5,-11,5,-12,6,-12,6,-12,6,-11,6,-9,5,-8,5,-6,3,-4,2,-2,1,1,1,3,0,5,-1,7,-2,9,-3,10,-3,11,-4,12,-5,12,-5,11,-5,10,-5,8,-5,7,-5,5,-4,3,-4,0,0,0,0,0,0,0,0,0,0]
CSI_DATA,2148,68:dd:b7:b0:aa:3f,-28,11,1,7,1,1,1,1,1,0,0,-97,0,11,2,88873614,0,67,0,128,0,[0,0,0,0,0,0,0,0,0,0,0,0,4,1,4,-1,5,-2,6,-4,7,-5,8,-6,9,-6,10,-6,11,-5,11,-4,10,-3,9,-2,8,-2,7,-2,5,-2,3,-3,1,-4,0,-5,-1,-7,-1,-8,-1,-10,0,-11,0,-11,1,-12,2,-12,2,-11,0,0,2,-9,2,-8,1,-7,-1,-6,-2,-6,-4,-6,-5,-6,-6,-7,-7,-8,-8,-8,-7,-9,-7,-10,-6,-10,-5,-10,-5,-9,-4,-9,-4,-8,-5,-7,-6,-6,-7,-5,-8,-5,-8,-5,-9,-5,-9,-6,-9,-6,-8,-6,0,0,0,0,0,0,0,0,0,0]
CSI_DATA,2149,68:dd:b7:b0:aa:3f,-28,11,1,7,1,1,1,1,1,0,0,-97,0,11,2,88912571,0,84,0,128,0,[0,0,0,0,0,0,0,0,0,0,0,0,6,-7,5,-7,4,-7,3,-7,3,-8,2,-8,2,-9,2,-9,2,-10,2,-10,3,-10,3,-10,2,-10,2,-9,2,-9,2,-9,1,-8,1,-9,0,-8,0,-8,-1,-8,-1,-8,-2,-9,-2,-9,-2,-9,-2,-10,0,0,-3,-10,-3,-10,-3,-10,-3,-11,-3,-10,-2,-10,-2,-10,-2,-10,-2,-10,-2,-9,-2,-9,-3,-8,-3,-8,-3,-8,-4,-8,-4,-8,-5,-9,-5,-10,-5,-11,-5,-12,-4,-12,-3,-12,-2,-12,0,-11,1,-10,1,-8,0,0,0,0,0,0,0,0,0,0]
CSI_DATA,2150,68:dd:b7:b0:aa:3f,-28,11,1,7,1,1,1,1,1,0,0,-97,0,11,2,88912689,0,67,0,128,0,[0,0,0,0,0,0,0,0,0,0,0,0,-9,-5,-9,-5,-9,-6,-9,-6,-9,-6,-8,-6,-8,-6,-7,-5,-7,-5,-7,-5,-7,-4,-7,-3,-8,-3,-8,-2,-9,-2,-9,-2,-9,-2,-9,-2,-9,-2,-9,-2,-9,-3,-9,-3,-9,-2,-9,-3,-9,-3,-9,-2,0,0,-9,-2,-9,-2,-9,-1,-9,-1,-9,-1,-9,-1,-9,-1,-10,-1,-10,0,-10,-1,-10,-1,-11,-1,-11,-2,-11,-3,-10,-3,-10,-3,-10,-4,-8,-4,-8,-4,-7,-3,-7,-2,-8,-2,-8,-2,-9,-1,-9,-2,-9,-2,0,0,0,0,0,0,0,0,0,0]
CSI_DATA,2151,68:dd:b7:b0:aa:3f,-30,11,1,7,1,1,1,1,1,0,0,-97,0,11,2,89014842,0,67,0,128,0,[0,0,0,0,0,0,0,0,0,0,0,0,11,-2,10,-2,9,0,8,0,6,-1,4,-2,3,-3,2,-4,1,-5,0,-6,1,-8,1,-9,1,-10,2,-10,2,-10,3,-10,3,-10,3,-9,3,-8,3,-7,2,-6,1,-5,-1,-5,-2,-4,-4,-4,-5,-5,0,0,-7,-7,-7,-8,-7,-9,-7,-10,-6,-9,-6,-9,-5,-9,-4,-8,-5,-7,-5,-6,-5,-5,-5,-3,-6,-3,-7,-2,-8,-3,-9,-3,-10,-3,-10,-4,-11,-4,-11,-5,-10,-5,-9,-5,-8,-5,-7,-5,-7,-4,-6,-3,0,0,0,0,0,0,0,0,0,0]
CSI_DATA,2152,68:dd:b7:b0:aa:3f,-31,11,1,7,1,1,1,1,1,0,0,-97,0,11,2,89046424,0,67,0,128,0,[0,0,0,0,0,0,0,0,0,0,0,0,-3,-1,-4,-1,-7,-1,-8,-1,-10,-2,-11,-2,-11,-3,-11,-4,-11,-4,-10,-4,-8,-5,-7,-5,-6,-3,-4,-2,-3,0,-2,0,-1,2,-1,4,-1,6,-1,8,-1,9,-1,10,-2,10,-3,10,-3,10,-4,9,0,0,-3,7,-2,6,-1,4,0,3,3,3,5,2,6,2,8,2,8,2,9,3,10,4,10,5,9,5,8,5,8,5,7,5,7,3,5,2,5,1,5,-1,5,-2,7,-4,7,-4,8,-5,8,-5,8,-4,0,0,0,0,0,0,0,0,0,0]
CSI_DATA,2153,68:dd:b7:b0:aa:3f,-31,11,1,7,1,1,1,1,1,0,0,-97,0,11,2,89046542,0,84,0,128,0,[0,0,0,0,0,0,0,0,0,0,0,0,1,-3,0,-5,1,-6,1,-8,1,-9,1,-11,2,-11,3,-11,3,-10,4,-10,4,-8,3,-7,3,-6,1,-4,0,-3,-2,-2,-4,-1,-6,-1,-7,0,-8,0,-10,0,-10,-1,-11,-2,-11,-3,-11,-3,-10,-3,0,0,-8,-2,-7,-2,-5,-1,-4,1,-3,2,-2,4,-2,6,-2,8,-3,9,-4,10,-5,10,-5,10,-6,9,-5,9,-5,8,-4,7,-4,7,-2,6,-1,6,1,6,3,6,3,5,4,6,4,7,5,7,4,7,0,0,0,0,0,0,0,0,0,0]
CSI_DATA,2154,68:dd:b7:b0:aa:3f,-30,11,1,6,1,1,1,1,1,0,0,-97,0,11,2,89120110,0,84,0,128,0,[0,0,0,0,0,0,0,0,0,0,0,0,2,-7,2,-8,2,-9,2,-9,2,-10,1,-10,1,-9,1,-9,1,-8,0,-7,0,-5,-1,-4,-2,-2,-3,-1,-4,1,-5,2,-6,3,-6,5,-7,4,-7,5,-7,5,-8,5,-8,5,-7,4,-6,3,-5,3,0,0,-2,2,-1,1,1,1,4,1,5,1,6,1,7,2,8,2,9,3,9,3,8,3,7,4,6,4,5,3,4,2,2,1,1,0,0,-2,-1,-3,-1,-5,-2,-7,-1,-7,-1,-9,0,-9,1,-9,1,-8,0,0,0,0,0,0,0,0,0,0]
CSI_DATA,2155,68:dd:b7:b0:aa:3f,-29,11,1,5,1,1,1,1,1,0,0,-97,0,11,2,89122835,0,67,0,128,0,[0,0,0,0,0,0,0,0,0,0,0,0,7,2,6,1,5,1,4,0,3,-1,1,-2,0,-4,-1,-5,-2,-6,-2,-7,-3,-8,-3,-9,-3,-10,-3,-10,-3,-9,-3,-8,-2,-7,-2,-6,-2,-5,-2,-3,-2,-2,-3,0,-3,2,-4,3,-5,4,-5,6,0,0,-7,7,-8,6,-8,6,-8,6,-7,4,-7,4,-6,3,-4,2,-2,1,0,1,2,1,3,1,4,2,5,3,7,3,7,4,7,5,7,5,7,6,6,6,4,6,3,5,2,4,1,2,0,0,0,-1,0,0,0,0,0,0,0,0,0,0]
CSI_DATA,2156,68:dd:b7:b0:aa:3f,-29,11,1,7,1,1,1,1,1,0,0,-97,0,11,2,89189285,0,84,0,128,0,[0,0,0,0,0,0,0,0,0,0,0,0,2,-8,2,-8,1,-9,1,-9,0,-10,1,-10,1,-10,1,-10,1,-10,1,-10,2,-9,2,-8,1,-8,0,-7,-1,-6,-1,-6,-2,-6,-3,-6,-5,-7,-5,-7,-6,-8,-5,-9,-5,-9,-5,-10,-4,-10,-3,-10,0,0,-2,-8,-3,-7,-3,-6,-4,-6,-5,-5,-6,-5,-7,-5,-8,-5,-8,-7,-8,-7,-7,-8,-7,-8,-6,-9,-5,-9,-4,-8,-4,-8,-4,-7,-4,-6,-4,-5,-5,-5,-5,-5,-7,-5,-7,-5,-7,-6,-6,-7,-5,-7,0,0,0,0,0,0,0,0,0,0]
CSI_DATA,2157,68:dd:b7:b0:aa:3f,-29,11,1,7,1,1,1,1,1,0,0,-97,0,11,2,89190203,0,67,0,128,0,[0,0,0,0,0,0,0,0,0,0,0,0,-9,-6,-8,-6,-8,-5,-7,-5,-7,-5,-6,-3,-6,-3,-6,-2,-6,-1,-7,0,-7,1,-8,1,-9,1,-9,2,-10,1,-10,1,-9,1,-9,0,-8,0,-8,0,-7,0,-6,1,-5,2,-5,3,-5,4,-5,5,0,0,-6,6,-7,7,-8,7,-8,6,-8,6,-8,5,-8,4,-8,3,-6,3,-5,3,-4,3,-4,4,-3,5,-3,5,-3,6,-4,7,-5,8,-5,7,-6,7,-7,7,-7,6,-7,5,-6,4,-5,4,-5,3,-4,3,0,0,0,0,0,0,0,0,0,0]
CSI_DATA,2158,68:dd:b7:b0:aa:3f,-29,11,1,7,1,1,1,1,1,0,0,-97,0,11,2,89262980,0,84,0,128,0,[0,0,0,0,0,0,0,0,0,0,0,0,-3,6,-2,7,-2,8,-2,9,-2,9,-3,10,-3,10,-4,10,-4,9,-4,8,-4,8,-4,7,-3,6,-2,6,-1,5,0,6,1,6,2,7,3,7,3,8,3,9,3,9,2,10,2,10,1,9,1,9,0,0,1,8,1,7,2,6,3,6,4,5,5,6,6,6,6,7,6,7,6,8,5,9,5,9,4,9,3,8,3,8,2,7,2,6,3,6,3,6,4,5,5,5,6,5,6,6,6,6,5,7,4,7,0,0,0,0,0,0,0,0,0,0]
CSI_DATA,2159,68:dd:b7:b0:aa:3f,-29,11,1,7,1,1,1,1,1,0,0,-97,0,11,2,89263686,0,67,0,128,0,[0,0,0,0,0,0,0,0,0,0,0,0,10,-3,9,-3,9,-2,8,-2,7,-2,6,-3,5,-4,5,-5,4,-6,4,-6,4,-7,5,-8,5,-9,6,-9,6,-9,6,-8,6,-8,6,-7,6,-6,5,-6,4,-6,3,-6,2,-7,1,-7,1,-8,0,-9,0,0,1,-11,1,-11,2,-11,3,-12,3,-11,3,-10,4,-10,3,-9,3,-8,2,-8,1,-7,0,-7,-1,-8,-1,-8,-2,-9,-1,-10,-1,-11,0,-11,0,-11,1,-11,2,-11,3,-10,2,-9,2,-8,2,-7,1,-6,0,0,0,0,0,0,0,0,0,0]
CSI_DATA,2160,68:dd:b7:b0:aa:3f,-27,11,1,7,1,1,1,1,1,0,0,-97,0,11,2,89335004,0,84,0,128,0,[0,0,0,0,0,0,0,0,0,0,0,0,3,6,4,5,5,5,6,6,7,7,8,7,8,7,8,8,7,9,7,9,6,9,5,9,5,8,4,7,4,6,4,5,4,4,5,2,6,2,7,1,8,1,9,1,10,2,10,3,10,3,10,4,0,0,9,5,9,5,7,4,6,4,7,2,6,2,6,1,7,0,7,-1,8,-1,9,-1,10,-1,10,0,10,1,10,2,10,2,10,2,8,3,8,3,7,2,7,2,7,1,7,0,7,0,7,0,7,0,0,0,0,0,0,0,0,0,0,0]
CSI_DATA,2161,68:dd:b7:b0:aa:3f,-27,11,1,7,1,1,1,1,1,0,0,-97,0,11,2,89336993,0,67,0,128,0,[0,0,0,0,0,0,0,0,0,0,0,0,1,-8,0,-8,-1,-9,-2,-10,-2,-11,-2,-12,-1,-12,-1,-13,0,-13,0,-12,1,-12,1,-12,1,-11,1,-10,0,-9,0,-8,-1,-7,-3,-6,-4,-7,-5,-7,-5,-7,-6,-8,-7,-9,-7,-10,-7,-10,-6,-11,0,0,-5,-11,-4,-10,-4,-10,-3,-9,-4,-7,-4,-6,-5,-6,-5,-6,-6,-6,-7,-6,-8,-6,-8,-7,-8,-8,-8,-9,-8,-9,-7,-9,-6,-9,-5,-9,-5,-9,-4,-9,-4,-8,-5,-7,-5,-6,-5,-5,-5,-6,-6,-6,0,0,0,0,0,0,0,0,0,0]
CSI_DATA,2162,68:dd:b7:b0:aa:3f,-26,11,1,7,1,1,1,1,1,0,0,-97,0,11,2,89410847,0,84,0,128,0,[0,0,0,0,0,0,0,0,0,0,0,0,-7,7,-6,8,-6,9,-6,9,-6,10,-7,10,-7,10,-8,9,-8,9,-7,9,-8,8,-7,7,-6,7,-6,7,-5,7,-5,7,-5,7,-4,8,-4,8,-4,9,-4,9,-4,9,-4,9,-4,9,-4,8,-4,9,0,0,-4,8,-4,8,-4,8,-4,8,-3,9,-3,8,-3,8,-3,8,-4,8,-4,8,-4,8,-4,8,-4,7,-4,7,-4,8,-4,7,-4,7,-4,7,-4,7,-4,8,-5,8,-4,8,-5,8,-5,7,-6,6,-5,5,0,0,0,0,0,0,0,0,0,0]
CSI_DATA,2163,68:dd:b7:b0:aa:3f,-25,11,1,7,1,1,1,1,1,0,0,-97,0,11,2,89411291,0,67,0,128,0,[0,0,0,0,0,0,0,0,0,0,0,0,12,0,12,0,12,1,11,1,10,1,9,0,9,0,9,-1,8,-1,8,-2,9,-3,9,-3,10,-3,10,-3,10,-2,10,-2,10,-2,10,-2,9,-2,9,-2,8,-2,8,-2,8,-3,8,-3,8,-3,8,-4,0,0,9,-4,9,-4,9,-4,9,-4,9,-3,9,-3,9,-3,8,-3,8,-3,8,-3,8,-3,8,-3,8,-3,8,-3,8,-3,8,-3,8,-3,9,-2,9,-2,9,-2,8,-1,8,-1,8,-1,7,-1,7,-1,7,-1,0,0,0,0,0,0,0,0,0,0]
CSI_DATA,2164,68:dd:b7:b0:aa:3f,-28,11,1,7,1,1,1,1,1,0,0,-97,0,11,2,89476432,0,84,0,128,0,[0,0,0,0,0,0,0,0,0,0,0,0,2,5,2,3,2,0,3,-2,4,-4,5,-6,6,-7,8,-8,9,-8,11,-7,11,-6,12,-6,11,-5,11,-3,9,-3,8,-2,6,-2,4,-3,2,-3,1,-4,-1,-5,-2,-7,-3,-8,-3,-9,-3,-11,-3,-11,0,0,-2,-12,-1,-12,0,-12,0,-11,0,-10,-1,-8,-1,-7,-2,-6,-3,-5,-5,-4,-6,-3,-7,-3,-8,-3,-9,-4,-10,-4,-10,-5,-10,-5,-10,-5,-10,-6,-9,-5,-9,-5,-7,-5,-7,-4,-6,-3,-6,-2,-6,-1,0,0,0,0,0,0,0,0,0,0]
CSI_DATA,2165,68:dd:b7:b0:aa:3f,-28,11,1,7,1,1,1,1,1,0,0,-97,0,11,2,89476885,0,67,0,128,0,[0,0,0,0,0,0,0,0,0,0,0,0,-10,-10,-10,-12,-9,-12,-8,-13,-7,-12,-5,-12,-4,-10,-3,-9,-3,-7,-3,-4,-3,-2,-4,0,-5,2,-6,4,-7,5,-8,6,-9,6,-10,6,-10,6,-11,6,-10,5,-10,5,-9,4,-8,4,-6,3,-5,3,0,0,-1,4,0,4,2,5,3,6,4,7,5,8,5,9,5,9,5,10,4,9,4,9,4,8,4,8,3,6,3,5,4,4,4,2,5,1,6,0,7,-1,8,-1,9,-2,9,-2,9,-2,9,-1,8,-1,0,0,0,0,0,0,0,0,0,0]
CSI_DATA,2166,68:dd:b7:b0:aa:3f,-27,11,1,6,1,1,1,1,1,0,0,-97,0,11,2,89548826,0,84,0,128,0,[0,0,0,0,0,0,0,0,0,0,0,0,3,3,5,5,6,6,7,8,7,8,8,9,7,10,7,10,6,9,5,8,5,7,3,5,2,4,1,2,0,0,-2,-2,-3,-4,-4,-6,-4,-7,-5,-8,-5,-9,-5,-10,-5,-10,-5,-10,-5,-9,-4,-8,0,0,-3,-6,-3,-4,-2,-2,-1,0,-1,2,-1,3,0,5,0,6,0,7,0,8,0,8,0,8,0,8,0,8,0,7,0,6,1,4,1,3,1,1,2,0,2,-1,2,-3,3,-4,3,-4,4,-5,4,-5,0,0,0,0,0,0,0,0,0,0]
CSI_DATA,2167,68:dd:b7:b0:aa:3f,-27,11,1,7,1,1,1,1,1,0,0,-97,0,11,2,89549253,0,67,0,128,0,[0,0,0,0,0,0,0,0,0,0,0,0,-6,0,-8,0,-10,0,-11,0,-13,0,-13,0,-13,-1,-13,0,-12,-1,-10,-1,-9,-1,-7,-1,-5,-1,-3,-1,-1,-1,1,0,3,0,5,1,7,1,8,1,9,1,9,2,9,1,9,2,8,2,8,1,0,0,5,1,3,0,1,0,0,-1,-2,-2,-3,-3,-5,-4,-6,-4,-6,-5,-7,-5,-7,-5,-7,-5,-7,-6,-7,-5,-6,-5,-6,-4,-5,-3,-4,-2,-3,-1,-2,1,-2,2,-1,3,0,4,0,5,0,5,0,6,0,0,0,0,0,0,0,0,0,0]
CSI_DATA,2168,68:dd:b7:b0:aa:3f,-27,11,1,7,1,1,1,1,1,0,0,-97,0,11,2,89619416,0,84,0,128,0,[0,0,0,0,0,0,0,0,0,0,0,0,-3,15,-4,14,-4,12,-4,9,-3,7,-2,5,-1,2,1,0,3,-2,5,-4,7,-5,9,-6,10,-6,11,-6,11,-6,11,-6,11,-5,10,-4,9,-3,7,-3,5,-2,3,-2,1,-2,-2,-3,-4,-3,-6,-4,0,0,-8,-5,-10,-6,-10,-6,-10,-7,-10,-7,-9,-7,-8,-7,-7,-6,-7,-5,-6,-3,-5,-2,-4,0,-3,2,-3,4,-3,5,-3,7,-3,8,-3,9,-4,10,-4,10,-4,10,-4,9,-4,8,-3,7,-3,6,-2,5,0,0,0,0,0,0,0,0,0,0]
CSI_DATA,2169,68:dd:b7:b0:aa:3f,-28,11,1,7,1,1,1,1,1,0,0,-97,0,11,2,89619869,0,67,0,128,0,[0,0,0,0,0,0,0,0,0,0,0,0,0,3,0,5,0,7,0,9,-1,10,-2,12,-2,12,-3,12,-3,11,-4,10,-3,8,-3,7,-3,5,-2,3,0,1,1,-1,3,-2,4,-3,5,-4,7,-4,8,-4,8,-5,9,-5,9,-4,8,-4,8,-4,0,0,5,-2,4,-3,2,-3,0,-3,-1,-3,-3,-4,-4,-4,-5,-5,-6,-5,-7,-6,-7,-6,-7,-6,-7,-6,-6,-6,-6,-6,-6,-5,-5,-4,-5,-3,-4,-2,-4,0,-4,1,-4,2,-5,3,-5,4,-5,5,-5,5,0,0,0,0,0,0,0,0,0,0]
CSI_DATA,2170,68:dd:b7:b0:aa:3f,-26,11,1,7,1,1,1,1,1,0,0,-97,0,11,2,89692899,0,84,0,128,0,[0,0,0,0,0,0,0,0,0,0,0,0,6,3,8,3,10,5,12,5,12,6,13,7,12,8,12,8,10,8,9,7,7,6,6,5,5,3,4,0,4,-2,3,-4,4,-6,4,-8,6,-10,6,-10,7,-11,8,-11,8,-10,8,-10,8,-9,7,-8,0,0,5,-6,2,-6,0,-6,-2,-5,-4,-6,-6,-7,-7,-8,-8,-9,-7,-10,-7,-11,-7,-11,-7,-11,-6,-11,-5,-10,-4,-9,-4,-8,-4,-6,-4,-4,-5,-3,-7,-1,-8,0,-10,0,-11,1,-11,0,-12,-1,-11,-2,0,0,0,0,0,0,0,0,0,0]
CSI_DATA,2171,68:dd:b7:b0:aa:3f,-26,11,1,6,1,1,1,1,1,0,0,-97,0,11,2,89737539,0,67,0,128,0,[0,0,0,0,0,0,0,0,0,0,0,0,-8,4,-9,5,-11,6,-12,6,-14,6,-15,6,-15,5,-15,4,-13,3,-12,2,-11,1,-9,2,-7,2,-5,3,-3,4,-2,6,0,8,0,9,-1,11,0,11,-1,11,-1,13,-3,13,-2,11,-3,11,-3,10,0,0,-2,6,0,6,0,6,3,5,5,5,5,4,7,6,8,6,9,7,9,8,8,8,7,8,6,8,6,7,5,7,4,5,4,4,5,2,6,1,6,0,7,-1,8,-1,9,0,10,0,10,0,9,1,0,0,0,0,0,0,0,0,0,0]
CSI_DATA,2172,68:dd:b7:b0:aa:3f,-25,11,1,7,1,1,1,1,1,0,0,-97,0,11,2,89737657,0,84,0,128,0,[0,0,0,0,0,0,0,0,0,0,0,0,8,2,10,2,12,2,13,3,14,4,13,4,14,5,13,6,12,6,10,6,8,5,7,4,6,1,5,0,4,-2,5,-4,4,-6,5,-8,6,-9,7,-9,9,-10,10,-9,10,-10,11,-8,10,-9,8,-6,0,0,5,-5,3,-4,3,-6,0,-7,-1,-8,-2,-9,-3,-11,-4,-12,-4,-12,-3,-12,-2,-13,-2,-12,-1,-12,-1,-11,-1,-10,-1,-8,-2,-7,-3,-6,-4,-5,-6,-5,-7,-5,-8,-5,-9,-6,-9,-6,-9,-7,-8,-7,0,0,0,0,0,0,0,0,0,0]
CSI_DATA,2173,68:dd:b7:b0:aa:3f,-26,11,1,7,1,1,1,1,1,0,1,-97,0,11,2,89803581,0,84,0,128,0,[0,0,0,0,0,0,0,0,0,0,0,0,-13,5,-13,4,-12,3,-10,2,-9,2,-7,3,-5,3,-4,5,-3,6,-2,7,-1,8,-2,10,-2,11,-3,12,-4,12,-4,11,-5,10,-4,9,-4,8,-3,7,-2,6,-1,5,1,5,3,5,4,5,6,6,0,0,7,8,7,9,6,10,6,10,5,10,4,9,3,8,3,7,3,5,3,4,4,2,5,2,6,1,7,1,9,1,9,2,10,3,10,4,10,4,9,5,8,5,7,5,5,4,5,2,4,1,4,0,0,0,0,0,0,0,0,0,0,0]
CSI_DATA,2174,68:dd:b7:b0:aa:3f,-26,11,1,7,1,1,1,1,1,0,1,-97,0,11,2,89804916,0,67,0,128,0,[0,0,0,0,0,0,0,0,0,0,0,0,6,4,8,3,10,3,11,3,13,4,13,5,13,6,13,7,12,7,11,7,9,6,8,6,7,4,6,2,6,0,5,-2,6,-4,6,-6,8,-7,9,-7,10,-7,11,-7,11,-7,12,-6,11,-5,10,-4,0,0,7,-3,5,-5,4,-6,3,-6,2,-8,1,-10,2,-11,2,-12,2,-13,3,-13,4,-12,4,-12,4,-11,4,-10,4,-8,3,-7,1,-7,0,-7,-2,-7,-3,-8,-4,-8,-4,-10,-4,-11,-4,-11,-3,-11,-2,-11,0,0,0,0,0,0,0,0,0,0]
CSI_DATA,2175,68:dd:b7:b0:aa:3f,-28,11,1,7,1,1,1,1,1,0,1,-97,0,11,2,89876915,0,84,0,128,0,[0,0,0,0,0,0,0,0,0,0,0,0,9,1,10,0,11,0,12,-1,12,0,13,0,12,0,12,1,11,1,10,1,9,0,8,-1,7,-2,6,-3,6,-5,5,-6,6,-7,6,-9,7,-9,8,-9,8,-9,8,-9,8,-8,8,-8,7,-7,5,-7,0,0,2,-6,1,-8,0,-9,-1,-10,-1,-12,-1,-12,0,-13,0,-13,1,-13,2,-13,2,-12,2,-10,2,-9,1,-8,0,-7,-2,-6,-3,-6,-5,-7,-7,-8,-8,-9,-8,-10,-7,-12,-6,-13,-5,-13,-4,-12,-2,-11,0,0,0,0,0,0,0,0,0,0]
CSI_DATA,2176,68:dd:b7:b0:aa:3f,-28,11,1,7,1,1,1,1,1,0,1,-97,0,11,2,89877413,0,67,0,128,0,[0,0,0,0,0,0,0,0,0,0,0,0,-10,2,-10,3,-11,4,-12,4,-12,5,-12,5,-13,4,-12,4,-12,4,-11,3,-10,3,-8,3,-7,4,-6,5,-5,6,-4,7,-3,8,-3,10,-4,10,-4,11,-5,11,-5,11,-5,10,-5,9,-4,8,-3,8,0,0,0,7,1,7,2,7,4,8,5,9,5,10,5,11,4,12,3,12,3,12,2,11,1,10,1,9,1,7,2,6,3,5,5,4,6,4,8,4,9,4,11,6,10,7,10,8,9,9,7,9,5,9,0,0,0,0,0,0,0,0,0,0]
CSI_DATA,2177,68:dd:b7:b0:aa:3f,-29,11,1,6,1,1,1,1,1,0,1,-97,0,11,2,89948793,0,84,0,128,0,[0,0,0,0,0,0,0,0,0,0,0,0,2,12,2,12,1,12,1,12,0,10,0,10,0,8,0,6,0,4,1,2,2,1,3,-1,4,-2,5,-3,6,-4,7,-4,8,-4,8,-4,9,-5,8,-4,8,-4,7,-3,7,-3,5,-3,4,-3,2,-3,0,0,-1,-4,-2,-5,-4,-5,-5,-6,-6,-7,-6,-8,-6,-9,-6,-9,-5,-9,-5,-9,-4,-9,-4,-7,-3,-6,-3,-5,-3,-4,-3,-3,-4,-1,-5,0,-6,2,-7,3,-8,3,-9,3,-9,3,-10,3,-10,2,-9,1,0,0,0,0,0,0,0,0,0,0]
CSI_DATA,2178,68:dd:b7:b0:aa:3f,-29,11,1,7,1,1,1,1,1,0,1,-97,0,11,2,89951675,0,67,0,128,0,[0,0,0,0,0,0,0,0,0,0,0,0,6,-1,4,-2,1,-3,0,-5,-1,-7,-1,-9,-1,-10,-1,-12,0,-12,0,-12,1,-13,2,-12,2,-10,2,-9,2,-8,1,-6,0,-5,-1,-4,-3,-3,-4,-2,-6,-2,-7,-2,-9,-2,-9,-2,-10,-3,-11,-3,0,0,-11,-5,-10,-5,-9,-5,-8,-5,-7,-4,-6,-2,-5,-1,-4,0,-4,2,-4,3,-4,5,-5,6,-6,7,-7,7,-8,7,-9,7,-9,6,-10,6,-10,5,-9,4,-8,4,-6,3,-5,3,-3,3,-2,3,-1,4,0,0,0,0,0,0,0,0,0,0]
CSI_DATA,2179,68:dd:b7:b0:aa:3f,-28,11,1,7,1,1,1,1,1,0,1,-97,0,11,2,90019077,0,84,0,128,0,[0,0,0,0,0,0,0,0,0,0,0,0,-15,3,-15,3,-15,2,-13,1,-12,1,-10,1,-7,0,-5,1,-2,1,0,1,2,2,5,3,6,4,8,5,9,5,9,6,9,6,9,7,9,7,8,6,7,5,6,4,5,3,3,1,2,-1,1,-3,0,0,-1,-6,-1,-8,-1,-10,-1,-11,-1,-12,-1,-13,-1,-12,-1,-12,0,-11,-1,-10,0,-8,-1,-7,-1,-5,-2,-3,-3,-1,-4,0,-6,1,-7,3,-8,3,-9,4,-10,4,-11,4,-11,3,-10,2,-9,2,-8,1,0,0,0,0,0,0,0,0,0,0]
CSI_DATA,2180,68:dd:b7:b0:aa:3f,-29,11,1,7,1,1,1,1,1,0,0,-97,0,11,2,90047678,0,67,0,128,0,[0,0,0,0,0,0,0,0,0,0,0,0,-1,0,-2,3,-3,6,-4,8,-5,10,-6,12,-7,12,-8,13,-8,12,-9,11,-9,9,-8,8,-7,6,-5,5,-3,3,-1,0,1,-1,4,-2,6,-3,8,-4,10,-3,12,-3,11,-4,12,-2,13,-3,11,-2,0,0,11,3,9,-1,4,-1,3,-2,-1,-2,-1,-4,-4,-5,-5,-6,-8,-8,-8,-8,-8,-9,-8,-10,-7,-10,-7,-10,-7,-10,-5,-8,-5,-7,-4,-6,-4,-3,-4,-1,-4,1,-5,2,-5,4,-6,5,-6,6,-7,6,0,0,0,0,0,0,0,0,0,0]
CSI_DATA,2181,68:dd:b7:b0:aa:3f,-30,11,1,7,1,1,1,1,1,0,0,-97,0,11,2,90092708,0,84,0,128,0,[0,0,0,0,0,0,0,0,0,0,0,0,0,-13,1,-13,2,-13,2,-12,3,-10,3,-9,2,-8,1,-7,-1,-6,-2,-7,-3,-7,-3,-7,-4,-8,-4,-9,-4,-9,-3,-10,-2,-9,-2,-9,-2,-9,-2,-8,-3,-7,-3,-6,-3,-6,-4,-6,-5,-6,-5,-6,0,0,-5,-7,-6,-8,-5,-8,-5,-8,-5,-8,-5,-7,-5,-7,-5,-6,-5,-5,-5,-5,-5,-5,-6,-6,-6,-6,-6,-6,-6,-7,-6,-7,-6,-8,-5,-7,-5,-7,-5,-7,-4,-6,-4,-6,-5,-6,-5,-6,-5,-5,-5,-5,0,0,0,0,0,0,0,0,0,0]
CSI_DATA,2182,68:dd:b7:b0:aa:3f,-31,11,1,7,1,1,1,1,1,0,0,-97,0,11,2,90093143,0,67,0,128,0,[0,0,0,0,0,0,0,0,0,0,0,0,12,3,12,4,11,5,9,5,8,5,7,4,6,3,6,2,5,1,6,0,6,-1,7,-2,8,-2,8,-2,9,-1,9,-1,9,-1,8,-1,8,0,7,0,6,0,6,-1,5,-2,5,-3,6,-3,6,-4,0,0,7,-4,7,-4,7,-4,7,-4,7,-3,7,-3,6,-3,6,-3,5,-4,5,-4,5,-5,6,-5,6,-5,6,-5,7,-5,7,-5,7,-4,7,-4,7,-3,7,-3,6,-3,5,-3,5,-3,5,-4,5,-5,5,-4,0,0,0,0,0,0,0,0,0,0]
CSI_DATA,2183,68:dd:b7:b0:aa:3f,-29,11,1,7,1,1,1,1,1,0,0,-97,0,11,2,90166578,0,84,0,128,0,[0,0,0,0,0,0,0,0,0,0,0,0,-12,-1,-12,-3,-13,-4,-13,-5,-12,-5,-11,-5,-9,-5,-8,-5,-7,-4,-6,-2,-5,-1,-4,1,-3,2,-3,4,-3,5,-3,6,-4,7,-4,8,-4,8,-4,8,-4,8,-4,8,-4,8,-4,8,-3,7,-3,7,0,0,-2,5,0,5,1,4,2,4,4,3,5,3,6,3,7,4,8,4,8,5,8,6,8,6,7,7,7,7,6,7,5,6,4,5,3,4,3,2,3,0,4,-2,5,-3,6,-4,7,-5,8,-5,9,-4,0,0,0,0,0,0,0,0,0,0]
CSI_DATA,2184,68:dd:b7:b0:aa:3f,-29,11,1,7,1,1,1,1,1,0,0,-97,0,11,2,90167174,0,67,0,128,0,[0,0,0,0,0,0,0,0,0,0,0,0,4,-12,5,-12,6,-12,7,-11,7,-10,7,-9,7,-8,6,-7,4,-6,3,-5,1,-4,-1,-4,-2,-4,-4,-4,-5,-5,-6,-5,-7,-5,-8,-6,-8,-6,-8,-6,-8,-6,-8,-6,-8,-6,-8,-5,-7,-5,-7,-5,0,0,-6,-3,-5,-2,-5,0,-5,1,-5,3,-5,4,-6,5,-6,6,-7,7,-8,7,-9,7,-9,6,-9,6,-9,5,-9,4,-8,4,-7,3,-5,3,-4,3,-2,3,0,4,1,5,2,7,3,8,2,9,1,10,0,0,0,0,0,0,0,0,0,0]
CSI_DATA,2185,68:dd:b7:b0:aa:3f,-29,11,1,7,1,1,1,1,1,0,0,-97,0,11,2,90236717,0,84,0,128,0,[0,0,0,0,0,0,0,0,0,0,0,0,10,4,10,5,11,6,10,7,9,7,9,7,7,6,6,5,5,4,4,2,3,1,2,-1,2,-3,2,-5,2,-6,2,-7,2,-8,2,-8,2,-10,2,-10,2,-10,2,-9,2,-9,2,-9,1,-8,1,-7,0,0,-1,-5,-2,-4,-3,-3,-4,-3,-6,-2,-7,-1,-8,-1,-10,-1,-10,-1,-11,-2,-11,-2,-11,-3,-10,-4,-10,-4,-8,-4,-7,-3,-6,-2,-5,-1,-4,0,-3,2,-2,4,-2,6,-3,7,-4,9,-5,9,-5,8,0,0,0,0,0,0,0,0,0,0]
CSI_DATA,2186,68:dd:b7:b0:aa:3f,-29,11,1,7,1,1,1,1,1,0,0,-97,0,11,2,90237152,0,67,0,128,0,[0,0,0,0,0,0,0,0,0,0,0,0,-9,-4,-7,-3,-5,-1,-3,0,-2,3,-1,5,0,7,0,9,0,10,-1,10,-1,11,-2,11,-3,10,-3,10,-2,9,-2,8,-1,7,-1,5,0,4,1,3,3,2,3,1,5,0,6,0,7,-1,8,-2,0,0,10,-2,10,-2,10,-1,11,-1,10,-1,9,-1,8,-1,7,-1,5,-1,4,-2,2,-3,1,-4,0,-5,-1,-7,-1,-9,-1,-11,-1,-12,0,-13,1,-14,1,-14,3,-13,3,-11,4,-10,3,-8,3,-6,1,-4,0,0,0,0,0,0,0,0,0,0]
CSI_DATA,2187,68:dd:b7:b0:aa:3f,-30,11,1,7,1,1,1,1,1,0,0,-97,0,11,2,90310587,0,84,0,128,0,[0,0,0,0,0,0,0,0,0,0,0,0,7,-12,9,-11,10,-10,10,-9,9,-7,8,-6,6,-4,4,-3,2,-3,0,-2,-2,-3,-5,-3,-7,-4,-8,-5,-9,-6,-10,-6,-10,-7,-10,-7,-9,-8,-8,-8,-8,-7,-7,-6,-6,-5,-6,-4,-5,-2,-5,-1,0,0,-5,3,-5,5,-6,6,-6,7,-7,8,-7,8,-8,8,-8,8,-8,8,-7,8,-7,7,-6,6,-5,6,-4,5,-3,6,-2,6,0,6,1,6,2,7,3,7,4,8,4,8,4,9,4,9,4,9,3,8,0,0,0,0,0,0,0,0,0,0]
CSI_DATA,2188,68:dd:b7:b0:aa:3f,-29,11,1,7,1,1,1,1,1,0,0,-97,0,11,2,90310705,0,67,0,128,0,[0,0,0,0,0,0,0,0,0,0,0,0,2,-4,0,-2,-3,-1,-6,0,-8,-1,-11,-1,-12,-2,-13,-3,-13,-5,-13,-5,-12,-7,-11,-7,-10,-7,-8,-6,-7,-5,-5,-4,-4,-2,-3,0,-3,2,-3,4,-3,6,-4,7,-5,9,-5,9,-6,10,-7,10,0,0,-8,9,-7,9,-7,8,-6,7,-5,7,-3,6,-2,6,0,6,1,6,3,6,4,6,5,7,5,8,6,9,5,9,5,10,5,10,5,10,5,10,5,9,4,8,4,7,4,6,4,5,5,4,5,3,0,0,0,0,0,0,0,0,0,0]
CSI_DATA,2189,68:dd:b7:b0:aa:3f,-29,11,1,7,1,1,1,1,1,0,0,-97,0,11,2,90383053,0,84,0,128,0,[0,0,0,0,0,0,0,0,0,0,0,0,11,3,10,4,8,4,7,3,6,2,5,1,5,-1,5,-2,6,-3,7,-3,8,-3,9,-3,9,-3,10,-2,9,-2,9,-1,8,-1,8,-1,7,-1,7,-1,7,-2,7,-2,7,-3,7,-3,8,-3,8,-4,0,0,8,-3,8,-3,8,-3,7,-3,7,-4,7,-4,7,-4,7,-5,8,-5,8,-5,8,-5,8,-4,9,-3,9,-3,8,-2,8,-2,7,-2,7,-2,7,-2,6,-3,6,-3,7,-4,7,-4,7,-4,8,-4,8,-3,0,0,0,0,0,0,0,0,0,0]
CSI_DATA,2190,68:dd:b7:b0:aa:3f,-29,11,1,7,1,1,1,1,1,0,0,-97,0,11,2,90383171,0,67,0,128,0,[0,0,0,0,0,0,0,0,0,0,0,0,4,-12,4,-11,4,-9,3,-8,2,-7,1,-6,0,-6,-1,-7,-2,-7,-3,-8,-3,-9,-3,-10,-3,-10,-2,-10,-2,-11,-1,-10,-1,-10,-1,-9,-1,-8,-2,-8,-2,-8,-3,-8,-3,-8,-4,-8,-4,-9,-3,-9,0,0,-3,-9,-4,-9,-3,-9,-3,-8,-4,-8,-4,-8,-4,-8,-5,-8,-5,-9,-4,-9,-4,-10,-4,-9,-4,-9,-3,-9,-3,-9,-2,-9,-2,-9,-2,-8,-2,-8,-3,-7,-3,-7,-4,-7,-4,-8,-4,-8,-3,-9,-3,-9,0,0,0,0,0,0,0,0,0,0]
CSI_DATA,2191,68:dd:b7:b0:aa:3f,-28,11,1,7,1,1,1,1,1,0,0,-97,0,11,2,90455850,0,84,0,128,0,[0,0,0,0,0,0,0,0,0,0,0,0,7,7,6,6,6,6,6,5,7,5,7,4,8,4,8,4,8,4,9,5,8,5,8,5,8,5,7,5,7,5,6,4,6,4,6,3,7,3,7,2,8,2,8,2,8,2,9,3,9,3,9,4,0,0,7,4,7,4,7,4,6,3,6,3,7,2,7,1,8,1,8,1,9,2,9,2,9,3,8,4,8,5,7,5,7,5,6,5,6,5,5,4,5,3,6,3,6,3,7,3,7,3,7,3,6,4,0,0,0,0,0,0,0,0,0,0]
CSI_DATA,2192,68:dd:b7:b0:aa:3f,-28,11,1,6,1,1,1,1,1,0,0,-97,0,11,2,90457726,0,67,0,128,0,[0,0,0,0,0,0,0,0,0,0,0,0,-11,0,-10,-1,-10,0,-8,0,-9,1,-8,2,-10,2,-10,3,-10,2,-11,3,-10,2,-11,1,-11,1,-10,1,-9,1,-9,0,-8,1,-8,2,-6,2,-8,3,-7,2,-8,3,-10,5,-7,3,-10,3,-10,3,0,0,-12,1,-5,3,-10,1,-9,1,-8,2,-6,2,-7,3,-6,3,-8,4,-9,4,-10,4,-10,3,-10,2,-10,1,-10,-1,-10,0,-9,-1,-9,-1,-8,-1,-7,0,-7,1,-7,1,-8,2,-8,2,-9,1,-9,0,0,0,0,0,0,0,0,0,0,0]
CSI_DATA,2193,68:dd:b7:b0:aa:3f,-28,11,1,7,1,1,1,1,1,0,0,-97,0,11,2,90522952,0,84,0,128,0,[0,0,0,0,0,0,0,0,0,0,0,0,9,2,9,2,10,2,9,2,9,2,9,1,8,2,8,1,8,1,8,0,8,0,8,-1,8,-1,8,-1,8,-1,8,-2,8,-2,8,-2,8,-1,8,-1,7,-1,7,-2,6,-2,6,-3,6,-3,6,-4,0,0,6,-5,7,-6,7,-6,8,-6,8,-5,8,-5,8,-4,8,-3,7,-4,7,-3,6,-4,5,-4,5,-4,5,-5,5,-6,5,-6,6,-7,6,-7,7,-7,8,-7,9,-6,9,-5,9,-4,8,-3,8,-3,6,-2,0,0,0,0,0,0,0,0,0,0]
CSI_DATA,2194,68:dd:b7:b0:aa:3f,-28,11,1,7,1,1,1,1,1,0,0,-97,0,11,2,90523070,0,67,0,128,0,[0,0,0,0,0,0,0,0,0,0,0,0,-7,7,-7,6,-7,6,-6,6,-6,6,-6,7,-6,7,-6,7,-6,6,-6,6,-6,6,-6,6,-5,6,-5,6,-5,6,-5,5,-4,6,-4,6,-3,6,-3,6,-3,7,-3,7,-3,8,-4,8,-4,8,-5,7,0,0,-5,6,-4,6,-4,6,-4,6,-3,6,-2,6,-2,6,-2,7,-2,8,-2,8,-3,8,-3,8,-4,8,-5,8,-6,7,-6,6,-6,6,-6,6,-5,5,-4,5,-4,5,-4,6,-3,6,-4,7,-4,7,-5,6,0,0,0,0,0,0,0,0,0,0]
CSI_DATA,2195,68:dd:b7:b0:aa:3f,-27,11,1,7,1,1,1,1,1,0,0,-97,0,11,2,90593395,0,84,0,128,0,[0,0,0,0,0,0,0,0,0,0,0,0,5,-10,5,-10,5,-9,5,-9,5,-9,5,-9,5,-9,5,-9,5,-8,4,-8,4,-8,4,-8,3,-8,3,-8,2,-8,3,-8,2,-9,2,-9,1,-9,1,-9,1,-9,1,-9,1,-10,2,-10,2,-10,2,-10,0,0,2,-9,2,-9,2,-9,2,-8,1,-8,1,-8,0,-8,-1,-9,0,-10,0,-10,0,-11,0,-11,2,-11,2,-11,3,-10,4,-10,4,-9,4,-8,4,-8,3,-7,2,-7,2,-7,1,-8,1,-8,1,-9,2,-9,0,0,0,0,0,0,0,0,0,0]
CSI_DATA,2196,68:dd:b7:b0:aa:3f,-27,11,1,7,1,1,1,1,1,0,0,-97,0,11,2,90593830,0,67,0,128,0,[0,0,0,0,0,0,0,0,0,0,0,0,-7,-8,-7,-8,-7,-7,-8,-7,-8,-6,-8,-6,-8,-5,-8,-5,-9,-5,-9,-5,-9,-5,-9,-5,-10,-5,-9,-4,-9,-4,-9,-4,-9,-4,-9,-3,-9,-4,-9,-3,-9,-3,-9,-3,-8,-2,-9,-2,-9,-1,-9,-1,0,0,-9,0,-10,1,-11,0,-11,0,-12,0,-12,-1,-11,-1,-11,-2,-10,-2,-9,-2,-9,-1,-8,-1,-8,0,-8,0,-8,1,-8,2,-9,2,-10,2,-11,2,-12,1,-12,0,-12,-1,-12,-2,-11,-3,-9,-3,-8,-3,0,0,0,0,0,0,0,0,0,0]
CSI_DATA,2197,68:dd:b7:b0:aa:3f,-28,11,1,7,1,1,1,1,1,0,0,-97,0,11,2,90668529,0,84,0,128,0,[0,0,0,0,0,0,0,0,0,0,0,0,6,-8,6,-8,5,-8,5,-8,5,-9,5,-9,6,-9,6,-9,5,-9,6,-8,6,-8,5,-8,5,-7,4,-7,3,-7,3,-7,2,-7,1,-8,1,-8,1,-9,0,-9,1,-9,2,-10,2,-10,2,-10,3,-10,0,0,3,-8,2,-7,1,-7,1,-7,-1,-7,-1,-7,-2,-7,-2,-8,-2,-9,-2,-10,-1,-11,-1,-11,0,-10,1,-10,2,-10,2,-9,2,-8,1,-7,1,-6,-1,-6,-1,-6,-2,-7,-3,-8,-2,-9,-2,-9,-1,-9,0,0,0,0,0,0,0,0,0,0]
CSI_DATA,2198,68:dd:b7:b0:aa:3f,-28,11,1,7,1,1,1,1,1,0,0,-97,0,11,2,90675397,0,67,0,128,0,[0,0,0,0,0,0,0,0,0,0,0,0,2,10,2,10,2,10,2,10,2,9,2,9,2,9,2,8,3,8,3,8,4,7,4,7,5,7,5,7,5,7,5,7,5,7,5,7,5,7,5,7,4,6,4,5,4,5,5,4,5,3,6,3,0,0,7,3,8,3,9,3,9,4,9,5,8,5,7,5,6,5,5,4,5,4,5,3,5,2,5,1,6,0,7,0,8,0,9,0,9,1,10,2,10,3,9,3,9,4,8,4,7,4,5,3,5,3,0,0,0,0,0,0,0,0,0,0]
CSI_DATA,2199,68:dd:b7:b0:aa:3f,-28,11,1,7,1,1,1,1,1,0,0,-97,0,11,2,90753940,0,84,0,128,0,[0,0,0,0,0,0,0,0,0,0,0,0,-8,-8,-9,-8,-9,-9,-8,-9,-8,-9,-8,-8,-8,-8,-7,-7,-7,-7,-8,-6,-8,-6,-8,-5,-8,-5,-9,-5,-9,-4,-9,-4,-9,-4,-9,-4,-10,-5,-9,-5,-9,-4,-8,-4,-8,-3,-8,-3,-8,-2,-8,-1,0,0,-9,0,-10,0,-10,0,-11,-1,-11,-1,-11,-2,-10,-2,-10,-3,-9,-2,-8,-2,-8,-2,-7,-1,-7,0,-7,0,-7,1,-8,2,-9,2,-9,2,-10,1,-11,1,-11,0,-10,-1,-10,-2,-9,-2,-8,-2,-7,-2,0,0,0,0,0,0,0,0,0,0]
CSI_DATA,2200,68:dd:b7:b0:aa:3f,-28,11,1,7,1,1,1,1,1,0,0,-97,0,11,2,90754465,0,67,0,128,0,[0,0,0,0,0,0,0,0,0,0,0,0,-7,8,-7,8,-7,8,-7,8,-7,7,-7,7,-7,7,-6,7,-6,7,-5,7,-5,7,-4,7,-4,7,-3,7,-3,8,-4,8,-4,8,-4,8,-3,8,-4,8,-3,8,-3,7,-3,7,-2,6,-1,6,-1,7,0,0,0,8,1,8,0,9,0,9,0,9,0,9,-1,9,-1,8,-2,8,-2,7,-1,6,-1,6,0,5,1,5,1,6,2,6,2,7,2,8,2,8,2,9,1,9,0,9,0,8,-1,7,-2,6,-1,5,0,0,0,0,0,0,0,0,0,0]
CSI_DATA,2201,68:dd:b7:b0:aa:3f,-29,11,1,7,1,1,1,1,1,0,0,-97,0,11,2,90831055,0,84,0,128,0,[0,0,0,0,0,0,0,0,0,0,0,0,6,-7,5,-8,5,-8,4,-9,4,-10,4,-11,4,-11,4,-12,5,-11,5,-10,5,-10,4,-9,3,-8,2,-7,1,-6,0,-6,-2,-6,-4,-6,-5,-7,-6,-8,-6,-8,-7,-10,-7,-10,-6,-11,-5,-11,-4,-11,0,0,-3,-9,-3,-7,-3,-5,-4,-4,-5,-2,-6,-1,-8,-1,-10,-1,-11,-1,-12,-2,-12,-3,-12,-4,-11,-5,-10,-6,-9,-6,-8,-5,-6,-4,-6,-3,-5,-1,-5,0,-6,2,-7,3,-8,4,-9,3,-11,3,-11,2,0,0,0,0,0,0,0,0,0,0]
CSI_DATA,2202,68:dd:b7:b0:aa:3f,-29,11,1,6,1,1,1,1,1,0,0,-97,0,11,2,90831968,0,67,0,128,0,[0,0,0,0,0,0,0,0,0,0,0,0,-3,-9,-4,-8,-6,-8,-7,-8,-8,-8,-8,-9,-8,-9,-8,-10,-8,-10,-7,-10,-6,-9,-6,-8,-6,-7,-5,-6,-5,-4,-5,-3,-6,-1,-7,0,-8,1,-9,1,-10,1,-11,1,-12,1,-12,0,-12,-1,-11,-2,0,0,-8,-2,-7,-1,-6,0,-5,1,-4,3,-4,5,-4,6,-5,8,-6,8,-7,8,-8,8,-9,8,-9,7,-9,6,-9,4,-8,3,-7,3,-5,3,-3,3,-2,4,-1,6,-1,7,-1,9,-2,10,-2,10,-4,9,0,0,0,0,0,0,0,0,0,0]
CSI_DATA,2203,68:dd:b7:b0:aa:3f,-30,11,1,7,1,1,1,1,1,0,0,-97,0,11,2,90901682,0,84,0,128,0,[0,0,0,0,0,0,0,0,0,0,0,0,1,-13,1,-12,0,-11,0,-10,-1,-9,-2,-8,-3,-7,-4,-6,-5,-5,-6,-4,-7,-3,-9,-3,-10,-3,-10,-3,-11,-3,-11,-3,-10,-3,-10,-3,-9,-3,-8,-2,-6,-1,-5,0,-4,1,-3,2,-2,4,-2,6,0,0,-3,9,-3,10,-4,11,-5,11,-5,11,-6,9,-6,8,-5,6,-4,5,-3,4,-1,2,1,2,3,2,5,2,6,3,8,4,9,5,9,7,9,8,8,9,7,9,5,8,4,7,2,6,2,4,1,2,0,0,0,0,0,0,0,0,0,0]
CSI_DATA,2204,68:dd:b7:b0:aa:3f,-30,11,1,7,1,1,1,1,1,0,0,-97,0,11,2,90902180,0,67,0,128,0,[0,0,0,0,0,0,0,0,0,0,0,0,4,6,5,6,7,6,8,5,9,5,9,5,9,5,10,5,9,5,9,5,8,5,7,4,6,3,5,1,5,0,4,-1,4,-3,4,-5,4,-6,5,-8,5,-9,6,-9,7,-9,8,-9,8,-8,7,-7,0,0,6,-5,4,-4,2,-4,0,-4,-2,-4,-4,-5,-5,-7,-6,-8,-6,-10,-6,-11,-5,-11,-4,-12,-3,-12,-2,-11,0,-10,0,-8,0,-7,-1,-5,-2,-3,-3,-1,-6,-1,-8,-1,-10,-1,-11,-2,-11,-3,-10,-4,0,0,0,0,0,0,0,0,0,0]
CSI_DATA,2205,68:dd:b7:b0:aa:3f,-29,11,1,7,1,1,1,1,1,0,0,-97,0,11,2,90976334,0,67,0,128,0,[0,0,0,0,0,0,0,0,0,0,0,0,4,10,5,9,5,8,5,7,5,5,5,3,5,2,6,0,7,-1,8,-2,8,-3,9,-4,10,-4,10,-5,11,-5,10,-4,10,-4,8,-4,8,-4,6,-3,4,-3,3,-4,1,-4,-1,-5,-2,-6,-4,-7,0,0,-5,-10,-5,-12,-5,-13,-4,-13,-3,-13,-2,-12,-1,-11,-1,-9,-1,-7,-1,-5,-2,-3,-3,-1,-5,0,-7,1,-8,1,-10,2,-12,1,-13,0,-14,-1,-14,-2,-13,-4,-11,-4,-9,-5,-7,-4,-6,-3,-4,-2,0,0,0,0,0,0,0,0,0,0]
CSI_DATA,2206,68:dd:b7:b0:aa:3f,-29,11,1,7,1,1,1,1,1,0,0,-97,0,11,2,90976578,0,84,0,128,0,[0,0,0,0,0,0,0,0,0,0,0,0,7,5,8,5,9,5,10,5,11,5,10,5,11,5,10,5,9,4,9,4,8,3,6,2,6,1,5,-1,4,-2,3,-4,3,-5,3,-7,3,-9,4,-10,4,-11,5,-11,5,-11,6,-11,6,-10,6,-9,0,0,4,-6,2,-5,1,-4,-1,-4,-4,-4,-6,-4,-8,-5,-9,-6,-10,-7,-10,-8,-9,-9,-9,-10,-7,-10,-6,-10,-5,-9,-4,-8,-3,-7,-3,-4,-3,-2,-4,0,-5,2,-7,3,-9,4,-10,4,-11,3,-11,2,0,0,0,0,0,0,0,0,0,0]
CSI_DATA,2207,68:dd:b7:b0:aa:3f,-28,11,1,7,1,1,1,1,1,0,0,-97,0,11,2,91066037,0,84,0,128,0,[0,0,0,0,0,0,0,0,0,0,0,0,-12,-4,-12,-4,-11,-4,-10,-3,-9,-3,-8,-1,-7,0,-6,2,-6,3,-6,5,-6,6,-6,7,-7,8,-7,8,-8,8,-8,8,-8,7,-7,7,-7,6,-6,5,-4,5,-3,4,-1,4,0,4,2,5,4,5,0,0,5,8,5,9,5,11,5,11,4,11,3,11,2,10,1,8,1,7,1,5,2,3,3,2,4,1,6,0,8,0,9,0,10,1,11,2,12,3,11,4,11,5,9,5,8,5,6,5,5,4,4,2,0,0,0,0,0,0,0,0,0,0]
CSI_DATA,2208,68:dd:b7:b0:aa:3f,-28,11,1,6,1,1,1,1,1,0,0,-97,0,11,2,91067239,0,67,0,128,0,[0,0,0,0,0,0,0,0,0,0,0,0,-8,-3,-9,-3,-10,-2,-11,-2,-12,-1,-12,-1,-12,-1,-13,-2,-12,-2,-12,-3,-10,-2,-9,-2,-8,-1,-7,0,-5,1,-4,2,-4,5,-4,5,-3,7,-3,8,-6,10,-7,9,-7,12,-7,11,-7,9,-8,8,0,0,-6,4,-6,5,-2,5,-2,2,3,4,4,5,4,6,5,7,6,9,6,10,5,10,4,11,3,11,2,11,1,9,1,8,1,7,1,5,1,3,4,2,4,2,6,2,8,2,9,3,9,4,9,5,0,0,0,0,0,0,0,0,0,0]
CSI_DATA,2209,68:dd:b7:b0:aa:3f,-30,11,1,7,1,1,1,1,1,0,0,-97,0,11,2,91128783,0,84,0,128,0,[0,0,0,0,0,0,0,0,0,0,0,0,-1,7,0,7,1,8,2,9,3,10,3,11,3,11,3,11,3,11,2,11,2,10,1,9,1,7,2,6,2,4,3,2,4,1,5,0,6,-2,7,-2,8,-3,10,-3,11,-2,11,-2,11,-1,11,0,0,0,9,1,7,0,5,0,4,-1,2,-2,1,-4,0,-6,-1,-8,0,-10,0,-11,1,-12,2,-12,3,-12,4,-12,5,-11,5,-10,5,-8,4,-6,3,-5,1,-4,-1,-4,-3,-4,-5,-4,-6,-5,-7,-6,-7,-8,0,0,0,0,0,0,0,0,0,0]
CSI_DATA,2210,68:dd:b7:b0:aa:3f,-28,11,1,7,1,1,1,1,1,0,0,-97,0,11,2,91150623,0,67,0,128,0,[0,0,0,0,0,0,0,0,0,0,0,0,6,5,7,4,9,4,10,5,10,5,10,6,10,6,10,7,10,7,9,7,8,6,7,6,7,5,6,3,6,2,5,0,5,-1,6,-2,7,-4,8,-4,9,-5,10,-6,10,-6,11,-5,12,-5,11,-4,0,0,10,-2,9,-2,7,-2,5,-3,4,-4,3,-5,3,-7,2,-8,2,-9,3,-10,4,-11,5,-12,6,-12,7,-11,8,-10,8,-9,8,-8,7,-6,6,-5,4,-5,2,-5,1,-6,-1,-7,-1,-8,-1,-9,-1,-10,0,0,0,0,0,0,0,0,0,0]
CSI_DATA,2211,68:dd:b7:b0:aa:3f,-26,11,1,7,1,1,1,1,1,0,0,-97,0,11,2,91202390,0,84,0,128,0,[0,0,0,0,0,0,0,0,0,0,0,0,-13,0,-13,-1,-12,-2,-12,-2,-11,-2,-10,-1,-9,-1,-9,-1,-8,1,-8,1,-8,3,-8,3,-8,4,-9,5,-9,5,-9,5,-10,5,-9,5,-10,4,-9,3,-8,3,-8,3,-7,3,-6,4,-6,4,-5,5,0,0,-5,7,-5,8,-6,8,-6,9,-6,8,-7,8,-7,8,-7,7,-7,6,-6,6,-6,6,-5,6,-5,6,-4,6,-3,6,-3,7,-3,8,-3,8,-4,9,-5,9,-5,9,-6,9,-6,8,-6,7,-6,6,-6,5,0,0,0,0,0,0,0,0,0,0]
CSI_DATA,2212,68:dd:b7:b0:aa:3f,-27,11,1,7,1,1,1,1,1,0,0,-97,0,11,2,91202508,0,67,0,128,0,[0,0,0,0,0,0,0,0,0,0,0,0,3,-9,2,-9,1,-9,1,-10,0,-11,0,-11,1,-11,1,-12,2,-12,2,-12,3,-11,3,-10,2,-10,2,-9,1,-9,1,-8,0,-8,-1,-8,-2,-8,-2,-8,-3,-9,-3,-10,-3,-10,-2,-11,-2,-11,-1,-11,0,0,0,-10,0,-10,0,-9,0,-9,-1,-8,-2,-8,-2,-8,-3,-8,-3,-9,-3,-9,-3,-10,-3,-10,-2,-11,-2,-11,-1,-11,0,-11,0,-10,1,-10,1,-9,1,-9,0,-8,0,-8,-1,-8,-1,-8,0,-8,0,-8,0,0,0,0,0,0,0,0,0,0]
CSI_DATA,2213,68:dd:b7:b0:aa:3f,-29,11,1,5,1,1,1,1,1,0,0,-97,0,11,2,91276845,0,84,0,128,0,[0,0,0,0,0,0,0,0,0,0,0,0,0,-4,-2,-4,-4,-5,-5,-6,-5,-7,-5,-8,-6,-9,-4,-9,-4,-10,-3,-9,-3,-9,-2,-9,-2,-7,-2,-6,-2,-4,-2,-3,-3,-2,-5,-1,-6,0,-8,0,-7,-1,-8,0,-10,-1,-9,-3,-9,-2,-11,-1,0,0,-8,-2,-6,-2,-5,-2,-6,-3,-5,0,-4,0,-4,2,-5,3,-5,4,-6,4,-7,4,-7,5,-7,4,-8,4,-8,4,-8,3,-8,3,-8,2,-7,2,-6,2,-5,2,-5,4,-5,4,-4,4,-4,4,-4,4,0,0,0,0,0,0,0,0,0,0]
CSI_DATA,2214,68:dd:b7:b0:aa:3f,-30,11,1,7,1,1,1,1,1,0,1,-97,0,11,2,91281770,0,67,0,128,0,[0,0,0,0,0,0,0,0,0,0,0,0,-9,-8,-9,-8,-8,-8,-7,-8,-6,-7,-5,-6,-4,-4,-3,-3,-3,-1,-3,1,-3,2,-4,4,-5,5,-5,6,-6,7,-6,6,-7,6,-7,6,-7,6,-7,5,-5,4,-5,4,-3,3,-2,3,-1,3,1,3,0,0,4,4,5,5,5,6,6,6,6,7,6,7,6,8,5,7,4,6,3,6,3,5,3,4,3,3,4,2,4,0,5,-1,6,-1,7,-2,8,-2,8,-2,9,-2,9,-1,9,-1,9,-1,7,0,6,0,0,0,0,0,0,0,0,0,0,0]
CSI_DATA,2215,68:dd:b7:b0:aa:3f,-29,11,1,7,1,1,1,1,1,0,1,-97,0,11,2,91348126,0,84,0,128,0,[0,0,0,0,0,0,0,0,0,0,0,0,-5,10,-4,8,-2,6,-1,5,1,4,3,4,4,4,6,4,8,5,9,6,8,6,9,7,9,8,8,8,7,8,6,8,5,7,4,5,4,4,4,2,4,1,5,-1,5,-2,6,-3,8,-4,9,-5,0,0,11,-4,12,-4,12,-4,12,-2,12,-2,10,-2,10,-1,8,-2,7,-2,6,-3,5,-4,4,-6,4,-7,4,-9,5,-9,6,-10,6,-11,7,-11,8,-11,9,-11,10,-10,10,-9,9,-8,8,-6,7,-6,5,-5,0,0,0,0,0,0,0,0,0,0]
